-- MySQL dump 10.13  Distrib 8.0.16, for Win64 (x86_64)
--
-- Host: 127.0.0.1    Database: vulture
-- ------------------------------------------------------
-- Server version	8.0.16

/*!40101 SET @OLD_CHARACTER_SET_CLIENT=@@CHARACTER_SET_CLIENT */;
/*!40101 SET @OLD_CHARACTER_SET_RESULTS=@@CHARACTER_SET_RESULTS */;
/*!40101 SET @OLD_COLLATION_CONNECTION=@@COLLATION_CONNECTION */;
 SET NAMES utf8 ;
/*!40103 SET @OLD_TIME_ZONE=@@TIME_ZONE */;
/*!40103 SET TIME_ZONE='+00:00' */;
/*!40014 SET @OLD_UNIQUE_CHECKS=@@UNIQUE_CHECKS, UNIQUE_CHECKS=0 */;
/*!40014 SET @OLD_FOREIGN_KEY_CHECKS=@@FOREIGN_KEY_CHECKS, FOREIGN_KEY_CHECKS=0 */;
/*!40101 SET @OLD_SQL_MODE=@@SQL_MODE, SQL_MODE='NO_AUTO_VALUE_ON_ZERO' */;
/*!40111 SET @OLD_SQL_NOTES=@@SQL_NOTES, SQL_NOTES=0 */;

--
-- Temporary view structure for view `1stweekmay_hours_anita`
--

DROP TABLE IF EXISTS `1stweekmay_hours_anita`;
/*!50001 DROP VIEW IF EXISTS `1stweekmay_hours_anita`*/;
SET @saved_cs_client     = @@character_set_client;
SET character_set_client = utf8mb4;
/*!50001 CREATE VIEW `1stweekmay_hours_anita` AS SELECT 
 1 AS `Total Hours`*/;
SET character_set_client = @saved_cs_client;

--
-- Temporary view structure for view `1stweekmay_hours_dave`
--

DROP TABLE IF EXISTS `1stweekmay_hours_dave`;
/*!50001 DROP VIEW IF EXISTS `1stweekmay_hours_dave`*/;
SET @saved_cs_client     = @@character_set_client;
SET character_set_client = utf8mb4;
/*!50001 CREATE VIEW `1stweekmay_hours_dave` AS SELECT 
 1 AS `Total Hours`*/;
SET character_set_client = @saved_cs_client;

--
-- Temporary view structure for view `1stweekmay_hours_luke`
--

DROP TABLE IF EXISTS `1stweekmay_hours_luke`;
/*!50001 DROP VIEW IF EXISTS `1stweekmay_hours_luke`*/;
SET @saved_cs_client     = @@character_set_client;
SET character_set_client = utf8mb4;
/*!50001 CREATE VIEW `1stweekmay_hours_luke` AS SELECT 
 1 AS `Total Hours`*/;
SET character_set_client = @saved_cs_client;

--
-- Temporary view structure for view `1stweekmay_hours_mike`
--

DROP TABLE IF EXISTS `1stweekmay_hours_mike`;
/*!50001 DROP VIEW IF EXISTS `1stweekmay_hours_mike`*/;
SET @saved_cs_client     = @@character_set_client;
SET character_set_client = utf8mb4;
/*!50001 CREATE VIEW `1stweekmay_hours_mike` AS SELECT 
 1 AS `Total Hours`*/;
SET character_set_client = @saved_cs_client;

--
-- Temporary view structure for view `2ndweekmay_hours_anita`
--

DROP TABLE IF EXISTS `2ndweekmay_hours_anita`;
/*!50001 DROP VIEW IF EXISTS `2ndweekmay_hours_anita`*/;
SET @saved_cs_client     = @@character_set_client;
SET character_set_client = utf8mb4;
/*!50001 CREATE VIEW `2ndweekmay_hours_anita` AS SELECT 
 1 AS `Total Hours`*/;
SET character_set_client = @saved_cs_client;

--
-- Temporary view structure for view `2ndweekmay_hours_dave`
--

DROP TABLE IF EXISTS `2ndweekmay_hours_dave`;
/*!50001 DROP VIEW IF EXISTS `2ndweekmay_hours_dave`*/;
SET @saved_cs_client     = @@character_set_client;
SET character_set_client = utf8mb4;
/*!50001 CREATE VIEW `2ndweekmay_hours_dave` AS SELECT 
 1 AS `Total Hours`*/;
SET character_set_client = @saved_cs_client;

--
-- Temporary view structure for view `2ndweekmay_hours_luke`
--

DROP TABLE IF EXISTS `2ndweekmay_hours_luke`;
/*!50001 DROP VIEW IF EXISTS `2ndweekmay_hours_luke`*/;
SET @saved_cs_client     = @@character_set_client;
SET character_set_client = utf8mb4;
/*!50001 CREATE VIEW `2ndweekmay_hours_luke` AS SELECT 
 1 AS `Total Hours`*/;
SET character_set_client = @saved_cs_client;

--
-- Temporary view structure for view `2ndweekmay_hours_mike`
--

DROP TABLE IF EXISTS `2ndweekmay_hours_mike`;
/*!50001 DROP VIEW IF EXISTS `2ndweekmay_hours_mike`*/;
SET @saved_cs_client     = @@character_set_client;
SET character_set_client = utf8mb4;
/*!50001 CREATE VIEW `2ndweekmay_hours_mike` AS SELECT 
 1 AS `Total Hours`*/;
SET character_set_client = @saved_cs_client;

--
-- Temporary view structure for view `3rdweekmay_hours_anita`
--

DROP TABLE IF EXISTS `3rdweekmay_hours_anita`;
/*!50001 DROP VIEW IF EXISTS `3rdweekmay_hours_anita`*/;
SET @saved_cs_client     = @@character_set_client;
SET character_set_client = utf8mb4;
/*!50001 CREATE VIEW `3rdweekmay_hours_anita` AS SELECT 
 1 AS `Total Hours`*/;
SET character_set_client = @saved_cs_client;

--
-- Temporary view structure for view `3rdweekmay_hours_dave`
--

DROP TABLE IF EXISTS `3rdweekmay_hours_dave`;
/*!50001 DROP VIEW IF EXISTS `3rdweekmay_hours_dave`*/;
SET @saved_cs_client     = @@character_set_client;
SET character_set_client = utf8mb4;
/*!50001 CREATE VIEW `3rdweekmay_hours_dave` AS SELECT 
 1 AS `Total Hours`*/;
SET character_set_client = @saved_cs_client;

--
-- Temporary view structure for view `3rdweekmay_hours_luke`
--

DROP TABLE IF EXISTS `3rdweekmay_hours_luke`;
/*!50001 DROP VIEW IF EXISTS `3rdweekmay_hours_luke`*/;
SET @saved_cs_client     = @@character_set_client;
SET character_set_client = utf8mb4;
/*!50001 CREATE VIEW `3rdweekmay_hours_luke` AS SELECT 
 1 AS `Total Hours`*/;
SET character_set_client = @saved_cs_client;

--
-- Temporary view structure for view `3rdweekmay_hours_mike`
--

DROP TABLE IF EXISTS `3rdweekmay_hours_mike`;
/*!50001 DROP VIEW IF EXISTS `3rdweekmay_hours_mike`*/;
SET @saved_cs_client     = @@character_set_client;
SET character_set_client = utf8mb4;
/*!50001 CREATE VIEW `3rdweekmay_hours_mike` AS SELECT 
 1 AS `Total Hours`*/;
SET character_set_client = @saved_cs_client;

--
-- Temporary view structure for view `4thweekmay_hours_anita`
--

DROP TABLE IF EXISTS `4thweekmay_hours_anita`;
/*!50001 DROP VIEW IF EXISTS `4thweekmay_hours_anita`*/;
SET @saved_cs_client     = @@character_set_client;
SET character_set_client = utf8mb4;
/*!50001 CREATE VIEW `4thweekmay_hours_anita` AS SELECT 
 1 AS `Total Hours`*/;
SET character_set_client = @saved_cs_client;

--
-- Temporary view structure for view `4thweekmay_hours_dave`
--

DROP TABLE IF EXISTS `4thweekmay_hours_dave`;
/*!50001 DROP VIEW IF EXISTS `4thweekmay_hours_dave`*/;
SET @saved_cs_client     = @@character_set_client;
SET character_set_client = utf8mb4;
/*!50001 CREATE VIEW `4thweekmay_hours_dave` AS SELECT 
 1 AS `Total Hours`*/;
SET character_set_client = @saved_cs_client;

--
-- Temporary view structure for view `4thweekmay_hours_luke`
--

DROP TABLE IF EXISTS `4thweekmay_hours_luke`;
/*!50001 DROP VIEW IF EXISTS `4thweekmay_hours_luke`*/;
SET @saved_cs_client     = @@character_set_client;
SET character_set_client = utf8mb4;
/*!50001 CREATE VIEW `4thweekmay_hours_luke` AS SELECT 
 1 AS `Total Hours`*/;
SET character_set_client = @saved_cs_client;

--
-- Temporary view structure for view `4thweekmay_hours_mike`
--

DROP TABLE IF EXISTS `4thweekmay_hours_mike`;
/*!50001 DROP VIEW IF EXISTS `4thweekmay_hours_mike`*/;
SET @saved_cs_client     = @@character_set_client;
SET character_set_client = utf8mb4;
/*!50001 CREATE VIEW `4thweekmay_hours_mike` AS SELECT 
 1 AS `Total Hours`*/;
SET character_set_client = @saved_cs_client;

--
-- Temporary view structure for view `5thweekmay_hours_anita`
--

DROP TABLE IF EXISTS `5thweekmay_hours_anita`;
/*!50001 DROP VIEW IF EXISTS `5thweekmay_hours_anita`*/;
SET @saved_cs_client     = @@character_set_client;
SET character_set_client = utf8mb4;
/*!50001 CREATE VIEW `5thweekmay_hours_anita` AS SELECT 
 1 AS `Total Hours`*/;
SET character_set_client = @saved_cs_client;

--
-- Temporary view structure for view `5thweekmay_hours_dave`
--

DROP TABLE IF EXISTS `5thweekmay_hours_dave`;
/*!50001 DROP VIEW IF EXISTS `5thweekmay_hours_dave`*/;
SET @saved_cs_client     = @@character_set_client;
SET character_set_client = utf8mb4;
/*!50001 CREATE VIEW `5thweekmay_hours_dave` AS SELECT 
 1 AS `Total Hours`*/;
SET character_set_client = @saved_cs_client;

--
-- Temporary view structure for view `5thweekmay_hours_luke`
--

DROP TABLE IF EXISTS `5thweekmay_hours_luke`;
/*!50001 DROP VIEW IF EXISTS `5thweekmay_hours_luke`*/;
SET @saved_cs_client     = @@character_set_client;
SET character_set_client = utf8mb4;
/*!50001 CREATE VIEW `5thweekmay_hours_luke` AS SELECT 
 1 AS `Total Hours`*/;
SET character_set_client = @saved_cs_client;

--
-- Temporary view structure for view `5thweekmay_hours_mike`
--

DROP TABLE IF EXISTS `5thweekmay_hours_mike`;
/*!50001 DROP VIEW IF EXISTS `5thweekmay_hours_mike`*/;
SET @saved_cs_client     = @@character_set_client;
SET character_set_client = utf8mb4;
/*!50001 CREATE VIEW `5thweekmay_hours_mike` AS SELECT 
 1 AS `Total Hours`*/;
SET character_set_client = @saved_cs_client;

--
-- Temporary view structure for view `all_tasks`
--

DROP TABLE IF EXISTS `all_tasks`;
/*!50001 DROP VIEW IF EXISTS `all_tasks`*/;
SET @saved_cs_client     = @@character_set_client;
SET character_set_client = utf8mb4;
/*!50001 CREATE VIEW `all_tasks` AS SELECT 
 1 AS `task_id`,
 1 AS `task`,
 1 AS `notes`,
 1 AS `time_needed`,
 1 AS `assignedTo`,
 1 AS `date_assigned`,
 1 AS `completed`,
 1 AS `date_completed`,
 1 AS `time_used`*/;
SET character_set_client = @saved_cs_client;

--
-- Temporary view structure for view `anita_tasks`
--

DROP TABLE IF EXISTS `anita_tasks`;
/*!50001 DROP VIEW IF EXISTS `anita_tasks`*/;
SET @saved_cs_client     = @@character_set_client;
SET character_set_client = utf8mb4;
/*!50001 CREATE VIEW `anita_tasks` AS SELECT 
 1 AS `task`,
 1 AS `notes`,
 1 AS `time_needed`,
 1 AS `assignedTo`,
 1 AS `date_assigned`,
 1 AS `completed`,
 1 AS `date_completed`,
 1 AS `time_used`*/;
SET character_set_client = @saved_cs_client;

--
-- Temporary view structure for view `anita_tasks_1stweek_ofmay`
--

DROP TABLE IF EXISTS `anita_tasks_1stweek_ofmay`;
/*!50001 DROP VIEW IF EXISTS `anita_tasks_1stweek_ofmay`*/;
SET @saved_cs_client     = @@character_set_client;
SET character_set_client = utf8mb4;
/*!50001 CREATE VIEW `anita_tasks_1stweek_ofmay` AS SELECT 
 1 AS `task`,
 1 AS `notes`,
 1 AS `time_needed`,
 1 AS `assignedTo`,
 1 AS `date_assigned`,
 1 AS `completed`,
 1 AS `date_completed`,
 1 AS `time_used`*/;
SET character_set_client = @saved_cs_client;

--
-- Temporary view structure for view `anita_tasks_2ndweek_ofmay`
--

DROP TABLE IF EXISTS `anita_tasks_2ndweek_ofmay`;
/*!50001 DROP VIEW IF EXISTS `anita_tasks_2ndweek_ofmay`*/;
SET @saved_cs_client     = @@character_set_client;
SET character_set_client = utf8mb4;
/*!50001 CREATE VIEW `anita_tasks_2ndweek_ofmay` AS SELECT 
 1 AS `task`,
 1 AS `notes`,
 1 AS `time_needed`,
 1 AS `assignedTo`,
 1 AS `date_assigned`,
 1 AS `completed`,
 1 AS `date_completed`,
 1 AS `time_used`*/;
SET character_set_client = @saved_cs_client;

--
-- Temporary view structure for view `anita_tasks_3rdweek_ofmay`
--

DROP TABLE IF EXISTS `anita_tasks_3rdweek_ofmay`;
/*!50001 DROP VIEW IF EXISTS `anita_tasks_3rdweek_ofmay`*/;
SET @saved_cs_client     = @@character_set_client;
SET character_set_client = utf8mb4;
/*!50001 CREATE VIEW `anita_tasks_3rdweek_ofmay` AS SELECT 
 1 AS `task`,
 1 AS `notes`,
 1 AS `time_needed`,
 1 AS `assignedTo`,
 1 AS `date_assigned`,
 1 AS `completed`,
 1 AS `date_completed`,
 1 AS `time_used`*/;
SET character_set_client = @saved_cs_client;

--
-- Temporary view structure for view `anita_tasks_4thweek_ofmay`
--

DROP TABLE IF EXISTS `anita_tasks_4thweek_ofmay`;
/*!50001 DROP VIEW IF EXISTS `anita_tasks_4thweek_ofmay`*/;
SET @saved_cs_client     = @@character_set_client;
SET character_set_client = utf8mb4;
/*!50001 CREATE VIEW `anita_tasks_4thweek_ofmay` AS SELECT 
 1 AS `task`,
 1 AS `notes`,
 1 AS `time_needed`,
 1 AS `assignedTo`,
 1 AS `date_assigned`,
 1 AS `completed`,
 1 AS `date_completed`,
 1 AS `time_used`*/;
SET character_set_client = @saved_cs_client;

--
-- Temporary view structure for view `anita_tasks_5thweek_ofmay`
--

DROP TABLE IF EXISTS `anita_tasks_5thweek_ofmay`;
/*!50001 DROP VIEW IF EXISTS `anita_tasks_5thweek_ofmay`*/;
SET @saved_cs_client     = @@character_set_client;
SET character_set_client = utf8mb4;
/*!50001 CREATE VIEW `anita_tasks_5thweek_ofmay` AS SELECT 
 1 AS `task`,
 1 AS `notes`,
 1 AS `time_needed`,
 1 AS `assignedTo`,
 1 AS `date_assigned`,
 1 AS `completed`,
 1 AS `date_completed`,
 1 AS `time_used`*/;
SET character_set_client = @saved_cs_client;

--
-- Temporary view structure for view `assigned_tasks`
--

DROP TABLE IF EXISTS `assigned_tasks`;
/*!50001 DROP VIEW IF EXISTS `assigned_tasks`*/;
SET @saved_cs_client     = @@character_set_client;
SET character_set_client = utf8mb4;
/*!50001 CREATE VIEW `assigned_tasks` AS SELECT 
 1 AS `task_id`,
 1 AS `task`,
 1 AS `notes`,
 1 AS `time_needed`,
 1 AS `assignedTo`,
 1 AS `date_assigned`,
 1 AS `completed`,
 1 AS `date_completed`,
 1 AS `time_used`*/;
SET character_set_client = @saved_cs_client;

--
-- Table structure for table `client`
--

DROP TABLE IF EXISTS `client`;
/*!40101 SET @saved_cs_client     = @@character_set_client */;
 SET character_set_client = utf8mb4 ;
CREATE TABLE `client` (
  `client_id` int(11) NOT NULL AUTO_INCREMENT,
  `client_name` varchar(45) NOT NULL,
  PRIMARY KEY (`client_id`),
  UNIQUE KEY `client_id_UNIQUE` (`client_id`)
) ENGINE=InnoDB AUTO_INCREMENT=7 DEFAULT CHARSET=utf8;
/*!40101 SET character_set_client = @saved_cs_client */;

--
-- Dumping data for table `client`
--

LOCK TABLES `client` WRITE;
/*!40000 ALTER TABLE `client` DISABLE KEYS */;
INSERT INTO `client` VALUES (1,'Daedalus'),(2,'Moolk'),(3,'Bigbia'),(4,'Longshore'),(5,'Trump'),(6,'Apple');
/*!40000 ALTER TABLE `client` ENABLE KEYS */;
UNLOCK TABLES;

--
-- Temporary view structure for view `dave_tasks`
--

DROP TABLE IF EXISTS `dave_tasks`;
/*!50001 DROP VIEW IF EXISTS `dave_tasks`*/;
SET @saved_cs_client     = @@character_set_client;
SET character_set_client = utf8mb4;
/*!50001 CREATE VIEW `dave_tasks` AS SELECT 
 1 AS `task`,
 1 AS `notes`,
 1 AS `time_needed`,
 1 AS `assignedTo`,
 1 AS `date_assigned`,
 1 AS `completed`,
 1 AS `date_completed`,
 1 AS `time_used`*/;
SET character_set_client = @saved_cs_client;

--
-- Temporary view structure for view `dave_tasks_1stweek_ofmay`
--

DROP TABLE IF EXISTS `dave_tasks_1stweek_ofmay`;
/*!50001 DROP VIEW IF EXISTS `dave_tasks_1stweek_ofmay`*/;
SET @saved_cs_client     = @@character_set_client;
SET character_set_client = utf8mb4;
/*!50001 CREATE VIEW `dave_tasks_1stweek_ofmay` AS SELECT 
 1 AS `task`,
 1 AS `notes`,
 1 AS `time_needed`,
 1 AS `assignedTo`,
 1 AS `date_assigned`,
 1 AS `completed`,
 1 AS `date_completed`,
 1 AS `time_used`*/;
SET character_set_client = @saved_cs_client;

--
-- Temporary view structure for view `dave_tasks_2ndweek_ofmay`
--

DROP TABLE IF EXISTS `dave_tasks_2ndweek_ofmay`;
/*!50001 DROP VIEW IF EXISTS `dave_tasks_2ndweek_ofmay`*/;
SET @saved_cs_client     = @@character_set_client;
SET character_set_client = utf8mb4;
/*!50001 CREATE VIEW `dave_tasks_2ndweek_ofmay` AS SELECT 
 1 AS `task`,
 1 AS `notes`,
 1 AS `time_needed`,
 1 AS `assignedTo`,
 1 AS `date_assigned`,
 1 AS `completed`,
 1 AS `date_completed`,
 1 AS `time_used`*/;
SET character_set_client = @saved_cs_client;

--
-- Temporary view structure for view `dave_tasks_3rdweek_ofmay`
--

DROP TABLE IF EXISTS `dave_tasks_3rdweek_ofmay`;
/*!50001 DROP VIEW IF EXISTS `dave_tasks_3rdweek_ofmay`*/;
SET @saved_cs_client     = @@character_set_client;
SET character_set_client = utf8mb4;
/*!50001 CREATE VIEW `dave_tasks_3rdweek_ofmay` AS SELECT 
 1 AS `task`,
 1 AS `notes`,
 1 AS `time_needed`,
 1 AS `assignedTo`,
 1 AS `date_assigned`,
 1 AS `completed`,
 1 AS `date_completed`,
 1 AS `time_used`*/;
SET character_set_client = @saved_cs_client;

--
-- Temporary view structure for view `dave_tasks_4thweek_ofmay`
--

DROP TABLE IF EXISTS `dave_tasks_4thweek_ofmay`;
/*!50001 DROP VIEW IF EXISTS `dave_tasks_4thweek_ofmay`*/;
SET @saved_cs_client     = @@character_set_client;
SET character_set_client = utf8mb4;
/*!50001 CREATE VIEW `dave_tasks_4thweek_ofmay` AS SELECT 
 1 AS `task`,
 1 AS `notes`,
 1 AS `time_needed`,
 1 AS `assignedTo`,
 1 AS `date_assigned`,
 1 AS `completed`,
 1 AS `date_completed`,
 1 AS `time_used`*/;
SET character_set_client = @saved_cs_client;

--
-- Temporary view structure for view `dave_tasks_5thweek_ofmay`
--

DROP TABLE IF EXISTS `dave_tasks_5thweek_ofmay`;
/*!50001 DROP VIEW IF EXISTS `dave_tasks_5thweek_ofmay`*/;
SET @saved_cs_client     = @@character_set_client;
SET character_set_client = utf8mb4;
/*!50001 CREATE VIEW `dave_tasks_5thweek_ofmay` AS SELECT 
 1 AS `task`,
 1 AS `notes`,
 1 AS `time_needed`,
 1 AS `assignedTo`,
 1 AS `date_assigned`,
 1 AS `completed`,
 1 AS `date_completed`,
 1 AS `time_used`*/;
SET character_set_client = @saved_cs_client;

--
-- Table structure for table `employees`
--

DROP TABLE IF EXISTS `employees`;
/*!40101 SET @saved_cs_client     = @@character_set_client */;
 SET character_set_client = utf8mb4 ;
CREATE TABLE `employees` (
  `emp_id` int(11) NOT NULL AUTO_INCREMENT,
  `emp_name` varchar(45) NOT NULL,
  `emp_role` varchar(45) NOT NULL,
  `password` varchar(45) NOT NULL,
  PRIMARY KEY (`emp_id`)
) ENGINE=InnoDB AUTO_INCREMENT=11 DEFAULT CHARSET=utf8;
/*!40101 SET character_set_client = @saved_cs_client */;

--
-- Dumping data for table `employees`
--

LOCK TABLES `employees` WRITE;
/*!40000 ALTER TABLE `employees` DISABLE KEYS */;
INSERT INTO `employees` VALUES (1,'Ed','Manager','123'),(2,'Anita','Technician','123'),(3,'Jonathan','Human Resources','123'),(4,'Mike','Technician','123'),(5,'Dave','Technician','123'),(6,'Sue','Customer Services','123'),(7,'Andrew','Customer services','123'),(8,'Tawfik','IT Services','123'),(9,'Malcom','Finance','123'),(10,'Luke','Technician','123');
/*!40000 ALTER TABLE `employees` ENABLE KEYS */;
UNLOCK TABLES;

--
-- Table structure for table `job`
--

DROP TABLE IF EXISTS `job`;
/*!40101 SET @saved_cs_client     = @@character_set_client */;
 SET character_set_client = utf8mb4 ;
CREATE TABLE `job` (
  `job_id` int(11) NOT NULL AUTO_INCREMENT,
  `job_number` char(36) NOT NULL,
  `date_collected` date NOT NULL,
  `return_date` date NOT NULL,
  `labour_time` varchar(45) NOT NULL,
  `checked_by` varchar(45) DEFAULT NULL,
  `checkedby_date` date DEFAULT NULL,
  `approved` varchar(15) DEFAULT NULL,
  `inspected_by` varchar(25) DEFAULT NULL,
  `completed_date` date DEFAULT NULL,
  `parts_needed` varchar(100) DEFAULT NULL,
  `motor_id` int(11) NOT NULL,
  PRIMARY KEY (`job_id`),
  UNIQUE KEY `job_id_UNIQUE` (`job_id`),
  KEY `fk_Job_Motor2_idx` (`motor_id`),
  CONSTRAINT `fk_Job_Motor2` FOREIGN KEY (`motor_id`) REFERENCES `motor` (`motor_id`) ON DELETE RESTRICT ON UPDATE CASCADE
) ENGINE=InnoDB AUTO_INCREMENT=16 DEFAULT CHARSET=utf8;
/*!40101 SET character_set_client = @saved_cs_client */;

--
-- Dumping data for table `job`
--

LOCK TABLES `job` WRITE;
/*!40000 ALTER TABLE `job` DISABLE KEYS */;
INSERT INTO `job` VALUES (1,'47919','2019-05-02','2019-05-10','26','Anita','2019-05-02','Yes','','2019-05-13','4 new magents, bearings, connection wiring',1),(2,'47901','2019-05-04','2002-05-19','12','Dave','2019-05-04','Yes','Luke','2019-05-15','bearings',2),(3,'47921','2019-05-07','2019-05-26','8','Mike',NULL,'Yes','Mike','2019-05-12','connectiong wiring, new brush',3),(4,'47926','2019-05-12','2019-05-29','8','',NULL,'','','2019-05-26','wiring, new bearings, new sealent',4),(5,'47925','2019-05-01','2019-05-12','2','Luke','2019-05-01','Yes','Anita','2019-05-21','engine clean',5),(6,'47915','2019-05-15','2019-05-25','80','Anita',NULL,'No','Luke','2019-05-29','engine flush, new bearings, new brush, x4 connection wires, sealent',6),(7,'47975','2019-05-08','2019-05-20','20','','2019-05-08','Yes','Luke','2019-11-30','new brush, connection wires, engine clean',7),(8,'47995','2019-05-06','2019-05-19','9','Dave','2019-05-06','No','Anita',NULL,'new shell, connction wires, exhaust clean',8),(9,'47888','2019-05-10','2019-05-19','15',NULL,NULL,NULL,NULL,NULL,'bearings',9),(10,'47652','2019-05-04','2019-05-15','12','Dave',NULL,NULL,NULL,'2019-05-12','4 new magents, bearings, connection wiring',10),(11,'47882','2019-05-08','2019-05-12','30',NULL,NULL,NULL,NULL,NULL,'engine clean',11),(12,'47842','2019-05-12','2019-05-29','25','Dave','2019-05-08','Yes','Luke',NULL,'new brush, connection wires, engine clean',12),(13,'47332','2019-05-18','2019-05-27','32','Luke','2019-05-18','Yes','Luke','2019-05-29','engine flush, new bearings, new brush, x4 connection wires, sealent',13),(14,'47282','2019-05-14','2019-05-19','15','Anita','2019-05-14','Yes','Anita',NULL,'bearings, new shell, connction wires, exhaust clean',14),(15,'47852','2019-05-12','2019-05-25','22','Dave','2019-05-12','Yes','Anita','2019-05-20','4 new magents, bearings, connection wiring',15);
/*!40000 ALTER TABLE `job` ENABLE KEYS */;
UNLOCK TABLES;

--
-- Temporary view structure for view `luke_tasks`
--

DROP TABLE IF EXISTS `luke_tasks`;
/*!50001 DROP VIEW IF EXISTS `luke_tasks`*/;
SET @saved_cs_client     = @@character_set_client;
SET character_set_client = utf8mb4;
/*!50001 CREATE VIEW `luke_tasks` AS SELECT 
 1 AS `task`,
 1 AS `notes`,
 1 AS `time_needed`,
 1 AS `assignedTo`,
 1 AS `date_assigned`,
 1 AS `completed`,
 1 AS `date_completed`,
 1 AS `time_used`*/;
SET character_set_client = @saved_cs_client;

--
-- Temporary view structure for view `luke_tasks_1stweek_ofmay`
--

DROP TABLE IF EXISTS `luke_tasks_1stweek_ofmay`;
/*!50001 DROP VIEW IF EXISTS `luke_tasks_1stweek_ofmay`*/;
SET @saved_cs_client     = @@character_set_client;
SET character_set_client = utf8mb4;
/*!50001 CREATE VIEW `luke_tasks_1stweek_ofmay` AS SELECT 
 1 AS `task`,
 1 AS `notes`,
 1 AS `time_needed`,
 1 AS `assignedTo`,
 1 AS `date_assigned`,
 1 AS `completed`,
 1 AS `date_completed`,
 1 AS `time_used`*/;
SET character_set_client = @saved_cs_client;

--
-- Temporary view structure for view `luke_tasks_2ndweek_ofmay`
--

DROP TABLE IF EXISTS `luke_tasks_2ndweek_ofmay`;
/*!50001 DROP VIEW IF EXISTS `luke_tasks_2ndweek_ofmay`*/;
SET @saved_cs_client     = @@character_set_client;
SET character_set_client = utf8mb4;
/*!50001 CREATE VIEW `luke_tasks_2ndweek_ofmay` AS SELECT 
 1 AS `task`,
 1 AS `notes`,
 1 AS `time_needed`,
 1 AS `assignedTo`,
 1 AS `date_assigned`,
 1 AS `completed`,
 1 AS `date_completed`,
 1 AS `time_used`*/;
SET character_set_client = @saved_cs_client;

--
-- Temporary view structure for view `luke_tasks_3rdweek_ofmay`
--

DROP TABLE IF EXISTS `luke_tasks_3rdweek_ofmay`;
/*!50001 DROP VIEW IF EXISTS `luke_tasks_3rdweek_ofmay`*/;
SET @saved_cs_client     = @@character_set_client;
SET character_set_client = utf8mb4;
/*!50001 CREATE VIEW `luke_tasks_3rdweek_ofmay` AS SELECT 
 1 AS `task`,
 1 AS `notes`,
 1 AS `time_needed`,
 1 AS `assignedTo`,
 1 AS `date_assigned`,
 1 AS `completed`,
 1 AS `date_completed`,
 1 AS `time_used`*/;
SET character_set_client = @saved_cs_client;

--
-- Temporary view structure for view `luke_tasks_4thweek_ofmay`
--

DROP TABLE IF EXISTS `luke_tasks_4thweek_ofmay`;
/*!50001 DROP VIEW IF EXISTS `luke_tasks_4thweek_ofmay`*/;
SET @saved_cs_client     = @@character_set_client;
SET character_set_client = utf8mb4;
/*!50001 CREATE VIEW `luke_tasks_4thweek_ofmay` AS SELECT 
 1 AS `task`,
 1 AS `notes`,
 1 AS `time_needed`,
 1 AS `assignedTo`,
 1 AS `date_assigned`,
 1 AS `completed`,
 1 AS `date_completed`,
 1 AS `time_used`*/;
SET character_set_client = @saved_cs_client;

--
-- Temporary view structure for view `luke_tasks_5thweek_ofmay`
--

DROP TABLE IF EXISTS `luke_tasks_5thweek_ofmay`;
/*!50001 DROP VIEW IF EXISTS `luke_tasks_5thweek_ofmay`*/;
SET @saved_cs_client     = @@character_set_client;
SET character_set_client = utf8mb4;
/*!50001 CREATE VIEW `luke_tasks_5thweek_ofmay` AS SELECT 
 1 AS `task`,
 1 AS `notes`,
 1 AS `time_needed`,
 1 AS `assignedTo`,
 1 AS `date_assigned`,
 1 AS `completed`,
 1 AS `date_completed`,
 1 AS `time_used`*/;
SET character_set_client = @saved_cs_client;

--
-- Temporary view structure for view `mike_tasks`
--

DROP TABLE IF EXISTS `mike_tasks`;
/*!50001 DROP VIEW IF EXISTS `mike_tasks`*/;
SET @saved_cs_client     = @@character_set_client;
SET character_set_client = utf8mb4;
/*!50001 CREATE VIEW `mike_tasks` AS SELECT 
 1 AS `task`,
 1 AS `notes`,
 1 AS `time_needed`,
 1 AS `assignedTo`,
 1 AS `date_assigned`,
 1 AS `completed`,
 1 AS `date_completed`,
 1 AS `time_used`*/;
SET character_set_client = @saved_cs_client;

--
-- Temporary view structure for view `mike_tasks_1stweek_ofmay`
--

DROP TABLE IF EXISTS `mike_tasks_1stweek_ofmay`;
/*!50001 DROP VIEW IF EXISTS `mike_tasks_1stweek_ofmay`*/;
SET @saved_cs_client     = @@character_set_client;
SET character_set_client = utf8mb4;
/*!50001 CREATE VIEW `mike_tasks_1stweek_ofmay` AS SELECT 
 1 AS `task`,
 1 AS `notes`,
 1 AS `time_needed`,
 1 AS `assignedTo`,
 1 AS `date_assigned`,
 1 AS `completed`,
 1 AS `date_completed`,
 1 AS `time_used`*/;
SET character_set_client = @saved_cs_client;

--
-- Temporary view structure for view `mike_tasks_2ndweek_ofmay`
--

DROP TABLE IF EXISTS `mike_tasks_2ndweek_ofmay`;
/*!50001 DROP VIEW IF EXISTS `mike_tasks_2ndweek_ofmay`*/;
SET @saved_cs_client     = @@character_set_client;
SET character_set_client = utf8mb4;
/*!50001 CREATE VIEW `mike_tasks_2ndweek_ofmay` AS SELECT 
 1 AS `task`,
 1 AS `notes`,
 1 AS `time_needed`,
 1 AS `assignedTo`,
 1 AS `date_assigned`,
 1 AS `completed`,
 1 AS `date_completed`,
 1 AS `time_used`*/;
SET character_set_client = @saved_cs_client;

--
-- Temporary view structure for view `mike_tasks_3rdweek_ofmay`
--

DROP TABLE IF EXISTS `mike_tasks_3rdweek_ofmay`;
/*!50001 DROP VIEW IF EXISTS `mike_tasks_3rdweek_ofmay`*/;
SET @saved_cs_client     = @@character_set_client;
SET character_set_client = utf8mb4;
/*!50001 CREATE VIEW `mike_tasks_3rdweek_ofmay` AS SELECT 
 1 AS `task`,
 1 AS `notes`,
 1 AS `time_needed`,
 1 AS `assignedTo`,
 1 AS `date_assigned`,
 1 AS `completed`,
 1 AS `date_completed`,
 1 AS `time_used`*/;
SET character_set_client = @saved_cs_client;

--
-- Temporary view structure for view `mike_tasks_4thweek_ofmay`
--

DROP TABLE IF EXISTS `mike_tasks_4thweek_ofmay`;
/*!50001 DROP VIEW IF EXISTS `mike_tasks_4thweek_ofmay`*/;
SET @saved_cs_client     = @@character_set_client;
SET character_set_client = utf8mb4;
/*!50001 CREATE VIEW `mike_tasks_4thweek_ofmay` AS SELECT 
 1 AS `task`,
 1 AS `notes`,
 1 AS `time_needed`,
 1 AS `assignedTo`,
 1 AS `date_assigned`,
 1 AS `completed`,
 1 AS `date_completed`,
 1 AS `time_used`*/;
SET character_set_client = @saved_cs_client;

--
-- Temporary view structure for view `mike_tasks_5thweek_ofmay`
--

DROP TABLE IF EXISTS `mike_tasks_5thweek_ofmay`;
/*!50001 DROP VIEW IF EXISTS `mike_tasks_5thweek_ofmay`*/;
SET @saved_cs_client     = @@character_set_client;
SET character_set_client = utf8mb4;
/*!50001 CREATE VIEW `mike_tasks_5thweek_ofmay` AS SELECT 
 1 AS `task`,
 1 AS `notes`,
 1 AS `time_needed`,
 1 AS `assignedTo`,
 1 AS `date_assigned`,
 1 AS `completed`,
 1 AS `date_completed`,
 1 AS `time_used`*/;
SET character_set_client = @saved_cs_client;

--
-- Temporary view structure for view `monthly_hours_anita`
--

DROP TABLE IF EXISTS `monthly_hours_anita`;
/*!50001 DROP VIEW IF EXISTS `monthly_hours_anita`*/;
SET @saved_cs_client     = @@character_set_client;
SET character_set_client = utf8mb4;
/*!50001 CREATE VIEW `monthly_hours_anita` AS SELECT 
 1 AS `Total Hours`*/;
SET character_set_client = @saved_cs_client;

--
-- Temporary view structure for view `monthly_hours_dave`
--

DROP TABLE IF EXISTS `monthly_hours_dave`;
/*!50001 DROP VIEW IF EXISTS `monthly_hours_dave`*/;
SET @saved_cs_client     = @@character_set_client;
SET character_set_client = utf8mb4;
/*!50001 CREATE VIEW `monthly_hours_dave` AS SELECT 
 1 AS `Total Hours`*/;
SET character_set_client = @saved_cs_client;

--
-- Temporary view structure for view `monthly_hours_luke`
--

DROP TABLE IF EXISTS `monthly_hours_luke`;
/*!50001 DROP VIEW IF EXISTS `monthly_hours_luke`*/;
SET @saved_cs_client     = @@character_set_client;
SET character_set_client = utf8mb4;
/*!50001 CREATE VIEW `monthly_hours_luke` AS SELECT 
 1 AS `Total Hours`*/;
SET character_set_client = @saved_cs_client;

--
-- Temporary view structure for view `monthly_hours_mike`
--

DROP TABLE IF EXISTS `monthly_hours_mike`;
/*!50001 DROP VIEW IF EXISTS `monthly_hours_mike`*/;
SET @saved_cs_client     = @@character_set_client;
SET character_set_client = utf8mb4;
/*!50001 CREATE VIEW `monthly_hours_mike` AS SELECT 
 1 AS `Total Hours`*/;
SET character_set_client = @saved_cs_client;

--
-- Table structure for table `motor`
--

DROP TABLE IF EXISTS `motor`;
/*!40101 SET @saved_cs_client     = @@character_set_client */;
 SET character_set_client = utf8mb4 ;
CREATE TABLE `motor` (
  `motor_id` int(11) NOT NULL,
  `motor` varchar(30) CHARACTER SET utf8 COLLATE utf8_general_ci NOT NULL,
  `manufacturer` varchar(45) DEFAULT NULL,
  `estimated_date_of_manufacture` varchar(45) DEFAULT NULL,
  `client_id` int(11) NOT NULL AUTO_INCREMENT,
  PRIMARY KEY (`motor_id`),
  UNIQUE KEY `motor_id_UNIQUE` (`motor_id`),
  KEY `fk_Motor_Client1_idx` (`client_id`),
  CONSTRAINT `fk_Motor_Client1` FOREIGN KEY (`client_id`) REFERENCES `client` (`client_id`) ON DELETE RESTRICT ON UPDATE CASCADE
) ENGINE=InnoDB AUTO_INCREMENT=7 DEFAULT CHARSET=utf8;
/*!40101 SET character_set_client = @saved_cs_client */;

--
-- Dumping data for table `motor`
--

LOCK TABLES `motor` WRITE;
/*!40000 ALTER TABLE `motor` DISABLE KEYS */;
INSERT INTO `motor` VALUES (1,'G-DL2','Buhler','1990',1),(2,'Runmax-4000','Actiro','1973',2),(3,'G-DL17','BurPg','1992',3),(4,'Unique','Actiro','2009',4),(5,'GD12','BuhlerPg','1946',5),(6,'FT-12','BuhPg','1997',6),(7,'X3er2','Bet22','1946',5),(8,'XDD12','lerg','1997',6),(9,'FT-12','Buhler','1997',1),(10,'X3er2','Buhler','2001',2),(11,'FT-12','Toaster','2012',3),(12,'XDD12','Walmart','2002',3),(13,'FFFF45','BuhPg','2019',4),(14,'F12','lerg','2012',5),(15,'D$5','Toast2Burnt','2006',6);
/*!40000 ALTER TABLE `motor` ENABLE KEYS */;
UNLOCK TABLES;

--
-- Temporary view structure for view `overduetask`
--

DROP TABLE IF EXISTS `overduetask`;
/*!50001 DROP VIEW IF EXISTS `overduetask`*/;
SET @saved_cs_client     = @@character_set_client;
SET character_set_client = utf8mb4;
/*!50001 CREATE VIEW `overduetask` AS SELECT 
 1 AS `task_id`,
 1 AS `task`,
 1 AS `notes`,
 1 AS `time_needed`,
 1 AS `assignedTo`,
 1 AS `date_assigned`,
 1 AS `completed`,
 1 AS `date_completed`,
 1 AS `time_used`,
 1 AS `over_due`*/;
SET character_set_client = @saved_cs_client;

--
-- Table structure for table `suspended`
--

DROP TABLE IF EXISTS `suspended`;
/*!40101 SET @saved_cs_client     = @@character_set_client */;
 SET character_set_client = utf8mb4 ;
CREATE TABLE `suspended` (
  `suspended` int(11) NOT NULL AUTO_INCREMENT,
  `task` varchar(45) DEFAULT NULL,
  `notes` varchar(45) DEFAULT NULL,
  `date_assigned` date DEFAULT NULL,
  `emp_id` int(11) DEFAULT NULL,
  `job_number` varchar(45) DEFAULT NULL,
  `task_id` int(11) DEFAULT NULL,
  `job_id` int(11) DEFAULT NULL,
  `inspected_by` varchar(45) DEFAULT NULL,
  `checked_by` varchar(45) DEFAULT NULL,
  `return_date` date DEFAULT NULL,
  `date_collected` date DEFAULT NULL,
  `assignedTo` varchar(45) DEFAULT NULL,
  `motor_id` int(11) DEFAULT NULL,
  `labour_time` varchar(45) NOT NULL,
  PRIMARY KEY (`suspended`),
  KEY `fk_task_emp_idx` (`emp_id`),
  CONSTRAINT `fk_task_emp0` FOREIGN KEY (`emp_id`) REFERENCES `employees` (`emp_id`) ON DELETE RESTRICT ON UPDATE CASCADE
) ENGINE=InnoDB DEFAULT CHARSET=utf8;
/*!40101 SET character_set_client = @saved_cs_client */;

--
-- Dumping data for table `suspended`
--

LOCK TABLES `suspended` WRITE;
/*!40000 ALTER TABLE `suspended` DISABLE KEYS */;
/*!40000 ALTER TABLE `suspended` ENABLE KEYS */;
UNLOCK TABLES;

--
-- Table structure for table `task`
--

DROP TABLE IF EXISTS `task`;
/*!40101 SET @saved_cs_client     = @@character_set_client */;
 SET character_set_client = utf8mb4 ;
CREATE TABLE `task` (
  `task_id` int(11) NOT NULL,
  `task` varchar(45) DEFAULT NULL,
  `notes` varchar(45) DEFAULT NULL,
  `time_needed` varchar(45) DEFAULT NULL,
  `assignedTo` varchar(45) DEFAULT NULL,
  `date_assigned` date DEFAULT NULL,
  `completed` varchar(45) DEFAULT NULL,
  `date_completed` date DEFAULT NULL,
  `time_used` varchar(45) DEFAULT NULL,
  `job_id` int(11) NOT NULL,
  `emp_id` int(11) DEFAULT NULL,
  `Over_due` varchar(45) DEFAULT NULL,
  PRIMARY KEY (`task_id`),
  KEY `fk_Task_Job1_idx` (`job_id`) /*!80000 INVISIBLE */,
  KEY `fk_Task_Employees1_idx` (`emp_id`),
  CONSTRAINT `fk_Task_Employees1` FOREIGN KEY (`emp_id`) REFERENCES `employees` (`emp_id`) ON DELETE CASCADE ON UPDATE CASCADE,
  CONSTRAINT `fk_Task_Job1` FOREIGN KEY (`job_id`) REFERENCES `job` (`job_id`) ON DELETE CASCADE ON UPDATE CASCADE
) ENGINE=InnoDB DEFAULT CHARSET=utf8;
/*!40101 SET character_set_client = @saved_cs_client */;

--
-- Dumping data for table `task`
--

LOCK TABLES `task` WRITE;
/*!40000 ALTER TABLE `task` DISABLE KEYS */;
INSERT INTO `task` VALUES (1,'Replace the magents','Magnets Need ordering','8','Luke','2019-05-01','No','2019-05-17','4',1,10,NULL),(2,'Rewire components','','6','Anita','2019-05-02','Yes','2019-05-17','8',1,2,NULL),(3,'Restore bearings','','4','Dave','0000-00-00','No','0000-00-00','3',1,NULL,'Yes'),(4,'Clean housing','','2','Anita','2019-02-24','No','0000-00-00','2',1,NULL,NULL),(5,'Replace the brush','','3','Mike','2019-05-05','Yes','2019-05-17','1',2,4,NULL),(6,'Rewire sealent','Existing wire is fine','2','Luke','2019-05-05','Yes','2019-05-17','4',2,10,NULL),(7,'Clean seal tube','','2','Anita','2019-05-09','Yes','2019-05-17','2',2,2,NULL),(8,'Repeair ring','','0.3','Anita','2019-05-07','Yes','2019-05-17','1',2,2,NULL),(9,'Clean bearings','','1','Dave','2019-05-13','Yes','2019-05-17','1',2,5,NULL),(10,'Clean rollers','Bearings are fine, rollers are dirty','6','Anita','2019-05-15','No','0000-00-00','0',3,NULL,NULL),(11,'Rewire sealent','Needs seal ordering','4','Not assigned','0000-00-00','No','0000-00-00','0',3,NULL,'Yes'),(12,'Clean brushes','','2','Not assigned','0000-00-00','No','0000-00-00','0',3,NULL,'Yes'),(13,'Fix pin','Needs a pin','1','Not assigned','0000-00-00','No','0000-00-00','0',3,NULL,NULL),(14,'Clean rollers','Bearings are fine, rollers are dirty','6','Dave','2019-05-08','No','0000-00-00','0',3,NULL,NULL),(15,'Clean engine','engine needs a dusting','2','Luke','2019-05-20','Yes','2019-05-21','4',4,10,NULL),(16,'Clean engine','engine needs a dusting','2','Anita','2019-05-13','Yes','2019-05-17','2',5,2,NULL),(17,'Replace bearings','bearings need ordering','5','Not assigned','0000-00-00','No','0000-00-00','0',5,NULL,NULL),(18,'Whole engine needs rewiring','Wires are fried','20','Dave','2019-05-17','No','2019-05-17','0',5,5,'Yes'),(19,'Replace brush','Brush replaced','5','Mike','2019-05-16','Yes','2019-05-17','4',5,4,NULL),(20,'Clean brush','Brush replaced','3','Mike','2019-05-19','Yes','2019-05-17','4',5,4,NULL),(21,'Replace brush','Brush replaced','5','Mike','2019-05-16','Yes','2019-05-17','7',5,4,NULL),(22,'Replace Coolant','Coolant changed, need more ordering','2','Anita','2019-05-15','No','2019-05-17','2',5,2,NULL),(23,'Clean exhasut','','8','Mike','2019-05-13','Yes','2019-05-17','6',5,4,NULL),(24,'Replace cambelt','','15','Luke','2019-05-20','Yes','2019-05-17','16',5,4,NULL),(25,'Repaint engine','Paint needs ordering','15','Not assigned','0000-00-00','No','0000-00-00','0',5,NULL,NULL),(26,'Replace screws','Screws need ordering','5','Not assigned','0000-00-00','No','0000-00-00','0',6,NULL,NULL),(27,'Replace disks','disks are broke','10','Dave','2019-05-06','Yes','2019-05-17','10',6,5,NULL),(28,'Replace brush','','5','Anita','2019-05-12','Yes','2019-05-17','5',6,2,NULL),(29,'Replace bearings','bearings placed','5','Not assigned','0000-00-00','No','0000-00-00','5',7,NULL,NULL),(30,'Needs refueling','Not sure why the engine is in','4','Luke','2019-05-17','Yes','2019-05-17','4',7,10,NULL),(31,'Replace shell',' ','3','Mike','2019-05-14','Yes','2019-05-15','3',8,4,NULL),(32,'Rewire components',' ','3','Dave','0000-00-00','No','0000-00-00','0',8,NULL,NULL),(33,'Clean exhaust',' ','3','Dave','0000-00-00','No','0000-00-00','0',8,NULL,NULL),(34,'Replace bearings','','5','Dave','0000-00-00','No','0000-00-00','0',9,NULL,NULL),(35,'Clean engine',' ','5','Luke','2019-05-12','No','0000-00-00','0',9,10,'Yes'),(36,'Clean exhaust','Cleaned','5','Anita','2019-05-14','Yes','2019-05-18','5',9,2,NULL),(37,'Replace magnets','Need to order new ones','10','Dave','0000-00-00','No','0000-00-00','6',10,5,NULL),(38,'Rewire components',' ','3','Anita','0000-00-00','No','0000-00-00','6',10,2,'Yes'),(39,'Replace bearings','','5','Dave','0000-00-00','No','0000-00-00','0',10,NULL,NULL),(40,'Clean engine',' ','3','Dave','2019-05-12','Yes','2019-05-18','3',11,5,NULL),(41,'Replace brush','','10','Anita','2019-05-12','No','0000-00-00','0',12,2,'Yes'),(42,'Rewire components',' ','12','Luke','2019-05-15','No','0000-00-00','0',12,10,NULL),(43,'Clean engine','Cleaned','3','Anita','2019-05-14','Yes','2019-05-18','3',12,2,NULL),(45,'Clean engine','Cleaning still need more washing liquid :)','5','Luke','2019-05-18','No','0000-00-00','0',13,10,NULL),(46,'Replace bearings','','3','Anita','2019-05-20','Yes','2019-05-25','3',13,2,NULL),(47,'Rewire components',' ','10','Luke','2019-05-19','No','0000-00-00','0',13,10,'Yes'),(48,'Rewire sealent',' ','3','Anita','2019-05-22','Yes','2019-05-24','3',13,2,NULL),(49,'Replace brush','','12','Mike','2019-05-19','Yes','2019-05-23','8',13,4,NULL),(50,'Replace bearings','','5','Luke','2019-05-14','No','0000-00-00','0',14,10,NULL),(51,'Replace shell','','3','Mike','2019-05-18','Yes','2019-05-25','3',14,4,NULL),(52,'Rewire components',' ','2','Anita','2019-05-15','Yes','2019-05-18','2',14,2,NULL),(53,'Clean exhaust',' ','5','Mike','2019-05-16','Yes','2019-05-18','3',14,4,NULL),(54,'Replace magnets','Need to order new ones','7','Anita','2019-05-27','No','0000-00-00','0',15,2,'Yes'),(55,'Replace bearings',' ','7','Mike','2019-05-26','Yes','2019-05-29','5',15,4,NULL),(56,'Rewire components',' ','8','Dave','2019-05-29','Yes','2019-05-30','5',15,5,NULL);
/*!40000 ALTER TABLE `task` ENABLE KEYS */;
UNLOCK TABLES;

--
-- Temporary view structure for view `unassigned_tasks`
--

DROP TABLE IF EXISTS `unassigned_tasks`;
/*!50001 DROP VIEW IF EXISTS `unassigned_tasks`*/;
SET @saved_cs_client     = @@character_set_client;
SET character_set_client = utf8mb4;
/*!50001 CREATE VIEW `unassigned_tasks` AS SELECT 
 1 AS `task_id`,
 1 AS `task`,
 1 AS `notes`,
 1 AS `time_needed`,
 1 AS `assignedTo`,
 1 AS `date_assigned`,
 1 AS `completed`,
 1 AS `date_completed`,
 1 AS `time_used`*/;
SET character_set_client = @saved_cs_client;

--
-- Final view structure for view `1stweekmay_hours_anita`
--

/*!50001 DROP VIEW IF EXISTS `1stweekmay_hours_anita`*/;
/*!50001 SET @saved_cs_client          = @@character_set_client */;
/*!50001 SET @saved_cs_results         = @@character_set_results */;
/*!50001 SET @saved_col_connection     = @@collation_connection */;
/*!50001 SET character_set_client      = cp850 */;
/*!50001 SET character_set_results     = cp850 */;
/*!50001 SET collation_connection      = cp850_general_ci */;
/*!50001 CREATE ALGORITHM=UNDEFINED */
/*!50013 DEFINER=`root`@`localhost` SQL SECURITY DEFINER */
/*!50001 VIEW `1stweekmay_hours_anita` AS select sum(`task`.`time_needed`) AS `Total Hours` from `task` where ((`task`.`assignedTo` = 'Anita') and (`task`.`date_assigned` >= '2019/05/01') and (`task`.`date_assigned` <= '2019/05/06')) */;
/*!50001 SET character_set_client      = @saved_cs_client */;
/*!50001 SET character_set_results     = @saved_cs_results */;
/*!50001 SET collation_connection      = @saved_col_connection */;

--
-- Final view structure for view `1stweekmay_hours_dave`
--

/*!50001 DROP VIEW IF EXISTS `1stweekmay_hours_dave`*/;
/*!50001 SET @saved_cs_client          = @@character_set_client */;
/*!50001 SET @saved_cs_results         = @@character_set_results */;
/*!50001 SET @saved_col_connection     = @@collation_connection */;
/*!50001 SET character_set_client      = cp850 */;
/*!50001 SET character_set_results     = cp850 */;
/*!50001 SET collation_connection      = cp850_general_ci */;
/*!50001 CREATE ALGORITHM=UNDEFINED */
/*!50013 DEFINER=`root`@`localhost` SQL SECURITY DEFINER */
/*!50001 VIEW `1stweekmay_hours_dave` AS select sum(`task`.`time_needed`) AS `Total Hours` from `task` where ((`task`.`assignedTo` = 'Dave') and (`task`.`date_assigned` >= '2019/05/01') and (`task`.`date_assigned` <= '2019/05/06')) */;
/*!50001 SET character_set_client      = @saved_cs_client */;
/*!50001 SET character_set_results     = @saved_cs_results */;
/*!50001 SET collation_connection      = @saved_col_connection */;

--
-- Final view structure for view `1stweekmay_hours_luke`
--

/*!50001 DROP VIEW IF EXISTS `1stweekmay_hours_luke`*/;
/*!50001 SET @saved_cs_client          = @@character_set_client */;
/*!50001 SET @saved_cs_results         = @@character_set_results */;
/*!50001 SET @saved_col_connection     = @@collation_connection */;
/*!50001 SET character_set_client      = cp850 */;
/*!50001 SET character_set_results     = cp850 */;
/*!50001 SET collation_connection      = cp850_general_ci */;
/*!50001 CREATE ALGORITHM=UNDEFINED */
/*!50013 DEFINER=`root`@`localhost` SQL SECURITY DEFINER */
/*!50001 VIEW `1stweekmay_hours_luke` AS select sum(`task`.`time_needed`) AS `Total Hours` from `task` where ((`task`.`assignedTo` = 'Luke') and (`task`.`date_assigned` >= '2019/05/01') and (`task`.`date_assigned` <= '2019/05/06')) */;
/*!50001 SET character_set_client      = @saved_cs_client */;
/*!50001 SET character_set_results     = @saved_cs_results */;
/*!50001 SET collation_connection      = @saved_col_connection */;

--
-- Final view structure for view `1stweekmay_hours_mike`
--

/*!50001 DROP VIEW IF EXISTS `1stweekmay_hours_mike`*/;
/*!50001 SET @saved_cs_client          = @@character_set_client */;
/*!50001 SET @saved_cs_results         = @@character_set_results */;
/*!50001 SET @saved_col_connection     = @@collation_connection */;
/*!50001 SET character_set_client      = cp850 */;
/*!50001 SET character_set_results     = cp850 */;
/*!50001 SET collation_connection      = cp850_general_ci */;
/*!50001 CREATE ALGORITHM=UNDEFINED */
/*!50013 DEFINER=`root`@`localhost` SQL SECURITY DEFINER */
/*!50001 VIEW `1stweekmay_hours_mike` AS select sum(`task`.`time_needed`) AS `Total Hours` from `task` where ((`task`.`assignedTo` = 'Mike') and (`task`.`date_assigned` >= '2019/05/01') and (`task`.`date_assigned` <= '2019/05/06')) */;
/*!50001 SET character_set_client      = @saved_cs_client */;
/*!50001 SET character_set_results     = @saved_cs_results */;
/*!50001 SET collation_connection      = @saved_col_connection */;

--
-- Final view structure for view `2ndweekmay_hours_anita`
--

/*!50001 DROP VIEW IF EXISTS `2ndweekmay_hours_anita`*/;
/*!50001 SET @saved_cs_client          = @@character_set_client */;
/*!50001 SET @saved_cs_results         = @@character_set_results */;
/*!50001 SET @saved_col_connection     = @@collation_connection */;
/*!50001 SET character_set_client      = cp850 */;
/*!50001 SET character_set_results     = cp850 */;
/*!50001 SET collation_connection      = cp850_general_ci */;
/*!50001 CREATE ALGORITHM=UNDEFINED */
/*!50013 DEFINER=`root`@`localhost` SQL SECURITY DEFINER */
/*!50001 VIEW `2ndweekmay_hours_anita` AS select sum(`task`.`time_needed`) AS `Total Hours` from `task` where ((`task`.`assignedTo` = 'Anita') and (`task`.`date_assigned` >= '2019/05/06') and (`task`.`date_assigned` <= '2019/05/12')) */;
/*!50001 SET character_set_client      = @saved_cs_client */;
/*!50001 SET character_set_results     = @saved_cs_results */;
/*!50001 SET collation_connection      = @saved_col_connection */;

--
-- Final view structure for view `2ndweekmay_hours_dave`
--

/*!50001 DROP VIEW IF EXISTS `2ndweekmay_hours_dave`*/;
/*!50001 SET @saved_cs_client          = @@character_set_client */;
/*!50001 SET @saved_cs_results         = @@character_set_results */;
/*!50001 SET @saved_col_connection     = @@collation_connection */;
/*!50001 SET character_set_client      = cp850 */;
/*!50001 SET character_set_results     = cp850 */;
/*!50001 SET collation_connection      = cp850_general_ci */;
/*!50001 CREATE ALGORITHM=UNDEFINED */
/*!50013 DEFINER=`root`@`localhost` SQL SECURITY DEFINER */
/*!50001 VIEW `2ndweekmay_hours_dave` AS select sum(`task`.`time_needed`) AS `Total Hours` from `task` where ((`task`.`assignedTo` = 'Dave') and (`task`.`date_assigned` >= '2019/05/06') and (`task`.`date_assigned` <= '2019/05/12')) */;
/*!50001 SET character_set_client      = @saved_cs_client */;
/*!50001 SET character_set_results     = @saved_cs_results */;
/*!50001 SET collation_connection      = @saved_col_connection */;

--
-- Final view structure for view `2ndweekmay_hours_luke`
--

/*!50001 DROP VIEW IF EXISTS `2ndweekmay_hours_luke`*/;
/*!50001 SET @saved_cs_client          = @@character_set_client */;
/*!50001 SET @saved_cs_results         = @@character_set_results */;
/*!50001 SET @saved_col_connection     = @@collation_connection */;
/*!50001 SET character_set_client      = cp850 */;
/*!50001 SET character_set_results     = cp850 */;
/*!50001 SET collation_connection      = cp850_general_ci */;
/*!50001 CREATE ALGORITHM=UNDEFINED */
/*!50013 DEFINER=`root`@`localhost` SQL SECURITY DEFINER */
/*!50001 VIEW `2ndweekmay_hours_luke` AS select sum(`task`.`time_needed`) AS `Total Hours` from `task` where ((`task`.`assignedTo` = 'Luke') and (`task`.`date_assigned` >= '2019/05/06') and (`task`.`date_assigned` <= '2019/05/12')) */;
/*!50001 SET character_set_client      = @saved_cs_client */;
/*!50001 SET character_set_results     = @saved_cs_results */;
/*!50001 SET collation_connection      = @saved_col_connection */;

--
-- Final view structure for view `2ndweekmay_hours_mike`
--

/*!50001 DROP VIEW IF EXISTS `2ndweekmay_hours_mike`*/;
/*!50001 SET @saved_cs_client          = @@character_set_client */;
/*!50001 SET @saved_cs_results         = @@character_set_results */;
/*!50001 SET @saved_col_connection     = @@collation_connection */;
/*!50001 SET character_set_client      = cp850 */;
/*!50001 SET character_set_results     = cp850 */;
/*!50001 SET collation_connection      = cp850_general_ci */;
/*!50001 CREATE ALGORITHM=UNDEFINED */
/*!50013 DEFINER=`root`@`localhost` SQL SECURITY DEFINER */
/*!50001 VIEW `2ndweekmay_hours_mike` AS select sum(`task`.`time_needed`) AS `Total Hours` from `task` where ((`task`.`assignedTo` = 'Mike') and (`task`.`date_assigned` >= '2019/05/06') and (`task`.`date_assigned` <= '2019/05/12')) */;
/*!50001 SET character_set_client      = @saved_cs_client */;
/*!50001 SET character_set_results     = @saved_cs_results */;
/*!50001 SET collation_connection      = @saved_col_connection */;

--
-- Final view structure for view `3rdweekmay_hours_anita`
--

/*!50001 DROP VIEW IF EXISTS `3rdweekmay_hours_anita`*/;
/*!50001 SET @saved_cs_client          = @@character_set_client */;
/*!50001 SET @saved_cs_results         = @@character_set_results */;
/*!50001 SET @saved_col_connection     = @@collation_connection */;
/*!50001 SET character_set_client      = cp850 */;
/*!50001 SET character_set_results     = cp850 */;
/*!50001 SET collation_connection      = cp850_general_ci */;
/*!50001 CREATE ALGORITHM=UNDEFINED */
/*!50013 DEFINER=`root`@`localhost` SQL SECURITY DEFINER */
/*!50001 VIEW `3rdweekmay_hours_anita` AS select sum(`task`.`time_needed`) AS `Total Hours` from `task` where ((`task`.`assignedTo` = 'Anita') and (`task`.`date_assigned` >= '2019/05/13') and (`task`.`date_assigned` <= '2019/05/19')) */;
/*!50001 SET character_set_client      = @saved_cs_client */;
/*!50001 SET character_set_results     = @saved_cs_results */;
/*!50001 SET collation_connection      = @saved_col_connection */;

--
-- Final view structure for view `3rdweekmay_hours_dave`
--

/*!50001 DROP VIEW IF EXISTS `3rdweekmay_hours_dave`*/;
/*!50001 SET @saved_cs_client          = @@character_set_client */;
/*!50001 SET @saved_cs_results         = @@character_set_results */;
/*!50001 SET @saved_col_connection     = @@collation_connection */;
/*!50001 SET character_set_client      = cp850 */;
/*!50001 SET character_set_results     = cp850 */;
/*!50001 SET collation_connection      = cp850_general_ci */;
/*!50001 CREATE ALGORITHM=UNDEFINED */
/*!50013 DEFINER=`root`@`localhost` SQL SECURITY DEFINER */
/*!50001 VIEW `3rdweekmay_hours_dave` AS select sum(`task`.`time_needed`) AS `Total Hours` from `task` where ((`task`.`assignedTo` = 'Dave') and (`task`.`date_assigned` >= '2019/05/13') and (`task`.`date_assigned` <= '2019/05/19')) */;
/*!50001 SET character_set_client      = @saved_cs_client */;
/*!50001 SET character_set_results     = @saved_cs_results */;
/*!50001 SET collation_connection      = @saved_col_connection */;

--
-- Final view structure for view `3rdweekmay_hours_luke`
--

/*!50001 DROP VIEW IF EXISTS `3rdweekmay_hours_luke`*/;
/*!50001 SET @saved_cs_client          = @@character_set_client */;
/*!50001 SET @saved_cs_results         = @@character_set_results */;
/*!50001 SET @saved_col_connection     = @@collation_connection */;
/*!50001 SET character_set_client      = cp850 */;
/*!50001 SET character_set_results     = cp850 */;
/*!50001 SET collation_connection      = cp850_general_ci */;
/*!50001 CREATE ALGORITHM=UNDEFINED */
/*!50013 DEFINER=`root`@`localhost` SQL SECURITY DEFINER */
/*!50001 VIEW `3rdweekmay_hours_luke` AS select sum(`task`.`time_needed`) AS `Total Hours` from `task` where ((`task`.`assignedTo` = 'Luke') and (`task`.`date_assigned` >= '2019/05/13') and (`task`.`date_assigned` <= '2019/05/19')) */;
/*!50001 SET character_set_client      = @saved_cs_client */;
/*!50001 SET character_set_results     = @saved_cs_results */;
/*!50001 SET collation_connection      = @saved_col_connection */;

--
-- Final view structure for view `3rdweekmay_hours_mike`
--

/*!50001 DROP VIEW IF EXISTS `3rdweekmay_hours_mike`*/;
/*!50001 SET @saved_cs_client          = @@character_set_client */;
/*!50001 SET @saved_cs_results         = @@character_set_results */;
/*!50001 SET @saved_col_connection     = @@collation_connection */;
/*!50001 SET character_set_client      = cp850 */;
/*!50001 SET character_set_results     = cp850 */;
/*!50001 SET collation_connection      = cp850_general_ci */;
/*!50001 CREATE ALGORITHM=UNDEFINED */
/*!50013 DEFINER=`root`@`localhost` SQL SECURITY DEFINER */
/*!50001 VIEW `3rdweekmay_hours_mike` AS select sum(`task`.`time_needed`) AS `Total Hours` from `task` where ((`task`.`assignedTo` = 'Mike') and (`task`.`date_assigned` >= '2019/05/13') and (`task`.`date_assigned` <= '2019/05/19')) */;
/*!50001 SET character_set_client      = @saved_cs_client */;
/*!50001 SET character_set_results     = @saved_cs_results */;
/*!50001 SET collation_connection      = @saved_col_connection */;

--
-- Final view structure for view `4thweekmay_hours_anita`
--

/*!50001 DROP VIEW IF EXISTS `4thweekmay_hours_anita`*/;
/*!50001 SET @saved_cs_client          = @@character_set_client */;
/*!50001 SET @saved_cs_results         = @@character_set_results */;
/*!50001 SET @saved_col_connection     = @@collation_connection */;
/*!50001 SET character_set_client      = cp850 */;
/*!50001 SET character_set_results     = cp850 */;
/*!50001 SET collation_connection      = cp850_general_ci */;
/*!50001 CREATE ALGORITHM=UNDEFINED */
/*!50013 DEFINER=`root`@`localhost` SQL SECURITY DEFINER */
/*!50001 VIEW `4thweekmay_hours_anita` AS select sum(`task`.`time_needed`) AS `Total Hours` from `task` where ((`task`.`assignedTo` = 'Anita') and (`task`.`date_assigned` >= '2019/05/20') and (`task`.`date_assigned` <= '2019/05/26')) */;
/*!50001 SET character_set_client      = @saved_cs_client */;
/*!50001 SET character_set_results     = @saved_cs_results */;
/*!50001 SET collation_connection      = @saved_col_connection */;

--
-- Final view structure for view `4thweekmay_hours_dave`
--

/*!50001 DROP VIEW IF EXISTS `4thweekmay_hours_dave`*/;
/*!50001 SET @saved_cs_client          = @@character_set_client */;
/*!50001 SET @saved_cs_results         = @@character_set_results */;
/*!50001 SET @saved_col_connection     = @@collation_connection */;
/*!50001 SET character_set_client      = cp850 */;
/*!50001 SET character_set_results     = cp850 */;
/*!50001 SET collation_connection      = cp850_general_ci */;
/*!50001 CREATE ALGORITHM=UNDEFINED */
/*!50013 DEFINER=`root`@`localhost` SQL SECURITY DEFINER */
/*!50001 VIEW `4thweekmay_hours_dave` AS select sum(`task`.`time_needed`) AS `Total Hours` from `task` where ((`task`.`assignedTo` = 'Dave') and (`task`.`date_assigned` >= '2019/05/20') and (`task`.`date_assigned` <= '2019/05/26')) */;
/*!50001 SET character_set_client      = @saved_cs_client */;
/*!50001 SET character_set_results     = @saved_cs_results */;
/*!50001 SET collation_connection      = @saved_col_connection */;

--
-- Final view structure for view `4thweekmay_hours_luke`
--

/*!50001 DROP VIEW IF EXISTS `4thweekmay_hours_luke`*/;
/*!50001 SET @saved_cs_client          = @@character_set_client */;
/*!50001 SET @saved_cs_results         = @@character_set_results */;
/*!50001 SET @saved_col_connection     = @@collation_connection */;
/*!50001 SET character_set_client      = cp850 */;
/*!50001 SET character_set_results     = cp850 */;
/*!50001 SET collation_connection      = cp850_general_ci */;
/*!50001 CREATE ALGORITHM=UNDEFINED */
/*!50013 DEFINER=`root`@`localhost` SQL SECURITY DEFINER */
/*!50001 VIEW `4thweekmay_hours_luke` AS select sum(`task`.`time_needed`) AS `Total Hours` from `task` where ((`task`.`assignedTo` = 'Luke') and (`task`.`date_assigned` >= '2019/05/20') and (`task`.`date_assigned` <= '2019/05/26')) */;
/*!50001 SET character_set_client      = @saved_cs_client */;
/*!50001 SET character_set_results     = @saved_cs_results */;
/*!50001 SET collation_connection      = @saved_col_connection */;

--
-- Final view structure for view `4thweekmay_hours_mike`
--

/*!50001 DROP VIEW IF EXISTS `4thweekmay_hours_mike`*/;
/*!50001 SET @saved_cs_client          = @@character_set_client */;
/*!50001 SET @saved_cs_results         = @@character_set_results */;
/*!50001 SET @saved_col_connection     = @@collation_connection */;
/*!50001 SET character_set_client      = cp850 */;
/*!50001 SET character_set_results     = cp850 */;
/*!50001 SET collation_connection      = cp850_general_ci */;
/*!50001 CREATE ALGORITHM=UNDEFINED */
/*!50013 DEFINER=`root`@`localhost` SQL SECURITY DEFINER */
/*!50001 VIEW `4thweekmay_hours_mike` AS select sum(`task`.`time_needed`) AS `Total Hours` from `task` where ((`task`.`assignedTo` = 'Mike') and (`task`.`date_assigned` >= '2019/05/20') and (`task`.`date_assigned` <= '2019/05/26')) */;
/*!50001 SET character_set_client      = @saved_cs_client */;
/*!50001 SET character_set_results     = @saved_cs_results */;
/*!50001 SET collation_connection      = @saved_col_connection */;

--
-- Final view structure for view `5thweekmay_hours_anita`
--

/*!50001 DROP VIEW IF EXISTS `5thweekmay_hours_anita`*/;
/*!50001 SET @saved_cs_client          = @@character_set_client */;
/*!50001 SET @saved_cs_results         = @@character_set_results */;
/*!50001 SET @saved_col_connection     = @@collation_connection */;
/*!50001 SET character_set_client      = cp850 */;
/*!50001 SET character_set_results     = cp850 */;
/*!50001 SET collation_connection      = cp850_general_ci */;
/*!50001 CREATE ALGORITHM=UNDEFINED */
/*!50013 DEFINER=`root`@`localhost` SQL SECURITY DEFINER */
/*!50001 VIEW `5thweekmay_hours_anita` AS select sum(`task`.`time_needed`) AS `Total Hours` from `task` where ((`task`.`assignedTo` = 'Anita') and (`task`.`date_assigned` >= '2019/05/27') and (`task`.`date_assigned` <= '2019/05/31')) */;
/*!50001 SET character_set_client      = @saved_cs_client */;
/*!50001 SET character_set_results     = @saved_cs_results */;
/*!50001 SET collation_connection      = @saved_col_connection */;

--
-- Final view structure for view `5thweekmay_hours_dave`
--

/*!50001 DROP VIEW IF EXISTS `5thweekmay_hours_dave`*/;
/*!50001 SET @saved_cs_client          = @@character_set_client */;
/*!50001 SET @saved_cs_results         = @@character_set_results */;
/*!50001 SET @saved_col_connection     = @@collation_connection */;
/*!50001 SET character_set_client      = cp850 */;
/*!50001 SET character_set_results     = cp850 */;
/*!50001 SET collation_connection      = cp850_general_ci */;
/*!50001 CREATE ALGORITHM=UNDEFINED */
/*!50013 DEFINER=`root`@`localhost` SQL SECURITY DEFINER */
/*!50001 VIEW `5thweekmay_hours_dave` AS select sum(`task`.`time_needed`) AS `Total Hours` from `task` where ((`task`.`assignedTo` = 'Dave') and (`task`.`date_assigned` >= '2019/05/27') and (`task`.`date_assigned` <= '2019/05/31')) */;
/*!50001 SET character_set_client      = @saved_cs_client */;
/*!50001 SET character_set_results     = @saved_cs_results */;
/*!50001 SET collation_connection      = @saved_col_connection */;

--
-- Final view structure for view `5thweekmay_hours_luke`
--

/*!50001 DROP VIEW IF EXISTS `5thweekmay_hours_luke`*/;
/*!50001 SET @saved_cs_client          = @@character_set_client */;
/*!50001 SET @saved_cs_results         = @@character_set_results */;
/*!50001 SET @saved_col_connection     = @@collation_connection */;
/*!50001 SET character_set_client      = cp850 */;
/*!50001 SET character_set_results     = cp850 */;
/*!50001 SET collation_connection      = cp850_general_ci */;
/*!50001 CREATE ALGORITHM=UNDEFINED */
/*!50013 DEFINER=`root`@`localhost` SQL SECURITY DEFINER */
/*!50001 VIEW `5thweekmay_hours_luke` AS select sum(`task`.`time_needed`) AS `Total Hours` from `task` where ((`task`.`assignedTo` = 'Luke') and (`task`.`date_assigned` >= '2019/05/27') and (`task`.`date_assigned` <= '2019/05/31')) */;
/*!50001 SET character_set_client      = @saved_cs_client */;
/*!50001 SET character_set_results     = @saved_cs_results */;
/*!50001 SET collation_connection      = @saved_col_connection */;

--
-- Final view structure for view `5thweekmay_hours_mike`
--

/*!50001 DROP VIEW IF EXISTS `5thweekmay_hours_mike`*/;
/*!50001 SET @saved_cs_client          = @@character_set_client */;
/*!50001 SET @saved_cs_results         = @@character_set_results */;
/*!50001 SET @saved_col_connection     = @@collation_connection */;
/*!50001 SET character_set_client      = cp850 */;
/*!50001 SET character_set_results     = cp850 */;
/*!50001 SET collation_connection      = cp850_general_ci */;
/*!50001 CREATE ALGORITHM=UNDEFINED */
/*!50013 DEFINER=`root`@`localhost` SQL SECURITY DEFINER */
/*!50001 VIEW `5thweekmay_hours_mike` AS select sum(`task`.`time_needed`) AS `Total Hours` from `task` where ((`task`.`assignedTo` = 'Mike') and (`task`.`date_assigned` >= '2019/05/27') and (`task`.`date_assigned` <= '2019/05/31')) */;
/*!50001 SET character_set_client      = @saved_cs_client */;
/*!50001 SET character_set_results     = @saved_cs_results */;
/*!50001 SET collation_connection      = @saved_col_connection */;

--
-- Final view structure for view `all_tasks`
--

/*!50001 DROP VIEW IF EXISTS `all_tasks`*/;
/*!50001 SET @saved_cs_client          = @@character_set_client */;
/*!50001 SET @saved_cs_results         = @@character_set_results */;
/*!50001 SET @saved_col_connection     = @@collation_connection */;
/*!50001 SET character_set_client      = cp850 */;
/*!50001 SET character_set_results     = cp850 */;
/*!50001 SET collation_connection      = cp850_general_ci */;
/*!50001 CREATE ALGORITHM=UNDEFINED */
/*!50013 DEFINER=`root`@`localhost` SQL SECURITY DEFINER */
/*!50001 VIEW `all_tasks` AS select `task`.`task_id` AS `task_id`,`task`.`task` AS `task`,`task`.`notes` AS `notes`,`task`.`time_needed` AS `time_needed`,`task`.`assignedTo` AS `assignedTo`,`task`.`date_assigned` AS `date_assigned`,`task`.`completed` AS `completed`,`task`.`date_completed` AS `date_completed`,`task`.`time_used` AS `time_used` from `task` where (`task`.`completed` = 'No') */;
/*!50001 SET character_set_client      = @saved_cs_client */;
/*!50001 SET character_set_results     = @saved_cs_results */;
/*!50001 SET collation_connection      = @saved_col_connection */;

--
-- Final view structure for view `anita_tasks`
--

/*!50001 DROP VIEW IF EXISTS `anita_tasks`*/;
/*!50001 SET @saved_cs_client          = @@character_set_client */;
/*!50001 SET @saved_cs_results         = @@character_set_results */;
/*!50001 SET @saved_col_connection     = @@collation_connection */;
/*!50001 SET character_set_client      = cp850 */;
/*!50001 SET character_set_results     = cp850 */;
/*!50001 SET collation_connection      = cp850_general_ci */;
/*!50001 CREATE ALGORITHM=UNDEFINED */
/*!50013 DEFINER=`root`@`localhost` SQL SECURITY DEFINER */
/*!50001 VIEW `anita_tasks` AS select `task`.`task` AS `task`,`task`.`notes` AS `notes`,`task`.`time_needed` AS `time_needed`,`task`.`assignedTo` AS `assignedTo`,`task`.`date_assigned` AS `date_assigned`,`task`.`completed` AS `completed`,`task`.`date_completed` AS `date_completed`,`task`.`time_used` AS `time_used` from `task` where (`task`.`assignedTo` = 'Anita') */;
/*!50001 SET character_set_client      = @saved_cs_client */;
/*!50001 SET character_set_results     = @saved_cs_results */;
/*!50001 SET collation_connection      = @saved_col_connection */;

--
-- Final view structure for view `anita_tasks_1stweek_ofmay`
--

/*!50001 DROP VIEW IF EXISTS `anita_tasks_1stweek_ofmay`*/;
/*!50001 SET @saved_cs_client          = @@character_set_client */;
/*!50001 SET @saved_cs_results         = @@character_set_results */;
/*!50001 SET @saved_col_connection     = @@collation_connection */;
/*!50001 SET character_set_client      = cp850 */;
/*!50001 SET character_set_results     = cp850 */;
/*!50001 SET collation_connection      = cp850_general_ci */;
/*!50001 CREATE ALGORITHM=UNDEFINED */
/*!50013 DEFINER=`root`@`localhost` SQL SECURITY DEFINER */
/*!50001 VIEW `anita_tasks_1stweek_ofmay` AS select `task`.`task` AS `task`,`task`.`notes` AS `notes`,`task`.`time_needed` AS `time_needed`,`task`.`assignedTo` AS `assignedTo`,`task`.`date_assigned` AS `date_assigned`,`task`.`completed` AS `completed`,`task`.`date_completed` AS `date_completed`,`task`.`time_used` AS `time_used` from `task` where ((`task`.`assignedTo` = 'Anita') and (`task`.`date_assigned` >= '2019/05/01') and (`task`.`date_assigned` <= '2019/05/06')) */;
/*!50001 SET character_set_client      = @saved_cs_client */;
/*!50001 SET character_set_results     = @saved_cs_results */;
/*!50001 SET collation_connection      = @saved_col_connection */;

--
-- Final view structure for view `anita_tasks_2ndweek_ofmay`
--

/*!50001 DROP VIEW IF EXISTS `anita_tasks_2ndweek_ofmay`*/;
/*!50001 SET @saved_cs_client          = @@character_set_client */;
/*!50001 SET @saved_cs_results         = @@character_set_results */;
/*!50001 SET @saved_col_connection     = @@collation_connection */;
/*!50001 SET character_set_client      = cp850 */;
/*!50001 SET character_set_results     = cp850 */;
/*!50001 SET collation_connection      = cp850_general_ci */;
/*!50001 CREATE ALGORITHM=UNDEFINED */
/*!50013 DEFINER=`root`@`localhost` SQL SECURITY DEFINER */
/*!50001 VIEW `anita_tasks_2ndweek_ofmay` AS select `task`.`task` AS `task`,`task`.`notes` AS `notes`,`task`.`time_needed` AS `time_needed`,`task`.`assignedTo` AS `assignedTo`,`task`.`date_assigned` AS `date_assigned`,`task`.`completed` AS `completed`,`task`.`date_completed` AS `date_completed`,`task`.`time_used` AS `time_used` from `task` where ((`task`.`assignedTo` = 'Anita') and (`task`.`date_assigned` >= '2019/05/06') and (`task`.`date_assigned` <= '2019/05/12')) */;
/*!50001 SET character_set_client      = @saved_cs_client */;
/*!50001 SET character_set_results     = @saved_cs_results */;
/*!50001 SET collation_connection      = @saved_col_connection */;

--
-- Final view structure for view `anita_tasks_3rdweek_ofmay`
--

/*!50001 DROP VIEW IF EXISTS `anita_tasks_3rdweek_ofmay`*/;
/*!50001 SET @saved_cs_client          = @@character_set_client */;
/*!50001 SET @saved_cs_results         = @@character_set_results */;
/*!50001 SET @saved_col_connection     = @@collation_connection */;
/*!50001 SET character_set_client      = cp850 */;
/*!50001 SET character_set_results     = cp850 */;
/*!50001 SET collation_connection      = cp850_general_ci */;
/*!50001 CREATE ALGORITHM=UNDEFINED */
/*!50013 DEFINER=`root`@`localhost` SQL SECURITY DEFINER */
/*!50001 VIEW `anita_tasks_3rdweek_ofmay` AS select `task`.`task` AS `task`,`task`.`notes` AS `notes`,`task`.`time_needed` AS `time_needed`,`task`.`assignedTo` AS `assignedTo`,`task`.`date_assigned` AS `date_assigned`,`task`.`completed` AS `completed`,`task`.`date_completed` AS `date_completed`,`task`.`time_used` AS `time_used` from `task` where ((`task`.`assignedTo` = 'Anita') and (`task`.`date_assigned` >= '2019/05/13') and (`task`.`date_assigned` <= '2019/05/19')) */;
/*!50001 SET character_set_client      = @saved_cs_client */;
/*!50001 SET character_set_results     = @saved_cs_results */;
/*!50001 SET collation_connection      = @saved_col_connection */;

--
-- Final view structure for view `anita_tasks_4thweek_ofmay`
--

/*!50001 DROP VIEW IF EXISTS `anita_tasks_4thweek_ofmay`*/;
/*!50001 SET @saved_cs_client          = @@character_set_client */;
/*!50001 SET @saved_cs_results         = @@character_set_results */;
/*!50001 SET @saved_col_connection     = @@collation_connection */;
/*!50001 SET character_set_client      = cp850 */;
/*!50001 SET character_set_results     = cp850 */;
/*!50001 SET collation_connection      = cp850_general_ci */;
/*!50001 CREATE ALGORITHM=UNDEFINED */
/*!50013 DEFINER=`root`@`localhost` SQL SECURITY DEFINER */
/*!50001 VIEW `anita_tasks_4thweek_ofmay` AS select `task`.`task` AS `task`,`task`.`notes` AS `notes`,`task`.`time_needed` AS `time_needed`,`task`.`assignedTo` AS `assignedTo`,`task`.`date_assigned` AS `date_assigned`,`task`.`completed` AS `completed`,`task`.`date_completed` AS `date_completed`,`task`.`time_used` AS `time_used` from `task` where ((`task`.`assignedTo` = 'Anita') and (`task`.`date_assigned` >= '2019/05/20') and (`task`.`date_assigned` <= '2019/05/26')) */;
/*!50001 SET character_set_client      = @saved_cs_client */;
/*!50001 SET character_set_results     = @saved_cs_results */;
/*!50001 SET collation_connection      = @saved_col_connection */;

--
-- Final view structure for view `anita_tasks_5thweek_ofmay`
--

/*!50001 DROP VIEW IF EXISTS `anita_tasks_5thweek_ofmay`*/;
/*!50001 SET @saved_cs_client          = @@character_set_client */;
/*!50001 SET @saved_cs_results         = @@character_set_results */;
/*!50001 SET @saved_col_connection     = @@collation_connection */;
/*!50001 SET character_set_client      = cp850 */;
/*!50001 SET character_set_results     = cp850 */;
/*!50001 SET collation_connection      = cp850_general_ci */;
/*!50001 CREATE ALGORITHM=UNDEFINED */
/*!50013 DEFINER=`root`@`localhost` SQL SECURITY DEFINER */
/*!50001 VIEW `anita_tasks_5thweek_ofmay` AS select `task`.`task` AS `task`,`task`.`notes` AS `notes`,`task`.`time_needed` AS `time_needed`,`task`.`assignedTo` AS `assignedTo`,`task`.`date_assigned` AS `date_assigned`,`task`.`completed` AS `completed`,`task`.`date_completed` AS `date_completed`,`task`.`time_used` AS `time_used` from `task` where ((`task`.`assignedTo` = 'Anita') and (`task`.`date_assigned` >= '2019/05/27') and (`task`.`date_assigned` <= '2019/05/31')) */;
/*!50001 SET character_set_client      = @saved_cs_client */;
/*!50001 SET character_set_results     = @saved_cs_results */;
/*!50001 SET collation_connection      = @saved_col_connection */;

--
-- Final view structure for view `assigned_tasks`
--

/*!50001 DROP VIEW IF EXISTS `assigned_tasks`*/;
/*!50001 SET @saved_cs_client          = @@character_set_client */;
/*!50001 SET @saved_cs_results         = @@character_set_results */;
/*!50001 SET @saved_col_connection     = @@collation_connection */;
/*!50001 SET character_set_client      = cp850 */;
/*!50001 SET character_set_results     = cp850 */;
/*!50001 SET collation_connection      = cp850_general_ci */;
/*!50001 CREATE ALGORITHM=UNDEFINED */
/*!50013 DEFINER=`root`@`localhost` SQL SECURITY DEFINER */
/*!50001 VIEW `assigned_tasks` AS select `task`.`task_id` AS `task_id`,`task`.`task` AS `task`,`task`.`notes` AS `notes`,`task`.`time_needed` AS `time_needed`,`task`.`assignedTo` AS `assignedTo`,`task`.`date_assigned` AS `date_assigned`,`task`.`completed` AS `completed`,`task`.`date_completed` AS `date_completed`,`task`.`time_used` AS `time_used` from `task` where ((`task`.`assignedTo` = 'Luke') or (`task`.`assignedTo` = 'Anita') or (`task`.`assignedTo` = 'Dave') or (`task`.`assignedTo` = 'Mike')) */;
/*!50001 SET character_set_client      = @saved_cs_client */;
/*!50001 SET character_set_results     = @saved_cs_results */;
/*!50001 SET collation_connection      = @saved_col_connection */;

--
-- Final view structure for view `dave_tasks`
--

/*!50001 DROP VIEW IF EXISTS `dave_tasks`*/;
/*!50001 SET @saved_cs_client          = @@character_set_client */;
/*!50001 SET @saved_cs_results         = @@character_set_results */;
/*!50001 SET @saved_col_connection     = @@collation_connection */;
/*!50001 SET character_set_client      = cp850 */;
/*!50001 SET character_set_results     = cp850 */;
/*!50001 SET collation_connection      = cp850_general_ci */;
/*!50001 CREATE ALGORITHM=UNDEFINED */
/*!50013 DEFINER=`root`@`localhost` SQL SECURITY DEFINER */
/*!50001 VIEW `dave_tasks` AS select `task`.`task` AS `task`,`task`.`notes` AS `notes`,`task`.`time_needed` AS `time_needed`,`task`.`assignedTo` AS `assignedTo`,`task`.`date_assigned` AS `date_assigned`,`task`.`completed` AS `completed`,`task`.`date_completed` AS `date_completed`,`task`.`time_used` AS `time_used` from `task` where (`task`.`assignedTo` = 'Dave') */;
/*!50001 SET character_set_client      = @saved_cs_client */;
/*!50001 SET character_set_results     = @saved_cs_results */;
/*!50001 SET collation_connection      = @saved_col_connection */;

--
-- Final view structure for view `dave_tasks_1stweek_ofmay`
--

/*!50001 DROP VIEW IF EXISTS `dave_tasks_1stweek_ofmay`*/;
/*!50001 SET @saved_cs_client          = @@character_set_client */;
/*!50001 SET @saved_cs_results         = @@character_set_results */;
/*!50001 SET @saved_col_connection     = @@collation_connection */;
/*!50001 SET character_set_client      = cp850 */;
/*!50001 SET character_set_results     = cp850 */;
/*!50001 SET collation_connection      = cp850_general_ci */;
/*!50001 CREATE ALGORITHM=UNDEFINED */
/*!50013 DEFINER=`root`@`localhost` SQL SECURITY DEFINER */
/*!50001 VIEW `dave_tasks_1stweek_ofmay` AS select `task`.`task` AS `task`,`task`.`notes` AS `notes`,`task`.`time_needed` AS `time_needed`,`task`.`assignedTo` AS `assignedTo`,`task`.`date_assigned` AS `date_assigned`,`task`.`completed` AS `completed`,`task`.`date_completed` AS `date_completed`,`task`.`time_used` AS `time_used` from `task` where ((`task`.`assignedTo` = 'Dave') and (`task`.`date_assigned` >= '2019/05/01') and (`task`.`date_assigned` <= '2019/05/06')) */;
/*!50001 SET character_set_client      = @saved_cs_client */;
/*!50001 SET character_set_results     = @saved_cs_results */;
/*!50001 SET collation_connection      = @saved_col_connection */;

--
-- Final view structure for view `dave_tasks_2ndweek_ofmay`
--

/*!50001 DROP VIEW IF EXISTS `dave_tasks_2ndweek_ofmay`*/;
/*!50001 SET @saved_cs_client          = @@character_set_client */;
/*!50001 SET @saved_cs_results         = @@character_set_results */;
/*!50001 SET @saved_col_connection     = @@collation_connection */;
/*!50001 SET character_set_client      = cp850 */;
/*!50001 SET character_set_results     = cp850 */;
/*!50001 SET collation_connection      = cp850_general_ci */;
/*!50001 CREATE ALGORITHM=UNDEFINED */
/*!50013 DEFINER=`root`@`localhost` SQL SECURITY DEFINER */
/*!50001 VIEW `dave_tasks_2ndweek_ofmay` AS select `task`.`task` AS `task`,`task`.`notes` AS `notes`,`task`.`time_needed` AS `time_needed`,`task`.`assignedTo` AS `assignedTo`,`task`.`date_assigned` AS `date_assigned`,`task`.`completed` AS `completed`,`task`.`date_completed` AS `date_completed`,`task`.`time_used` AS `time_used` from `task` where ((`task`.`assignedTo` = 'Dave') and (`task`.`date_assigned` >= '2019/05/06') and (`task`.`date_assigned` <= '2019/05/12')) */;
/*!50001 SET character_set_client      = @saved_cs_client */;
/*!50001 SET character_set_results     = @saved_cs_results */;
/*!50001 SET collation_connection      = @saved_col_connection */;

--
-- Final view structure for view `dave_tasks_3rdweek_ofmay`
--

/*!50001 DROP VIEW IF EXISTS `dave_tasks_3rdweek_ofmay`*/;
/*!50001 SET @saved_cs_client          = @@character_set_client */;
/*!50001 SET @saved_cs_results         = @@character_set_results */;
/*!50001 SET @saved_col_connection     = @@collation_connection */;
/*!50001 SET character_set_client      = cp850 */;
/*!50001 SET character_set_results     = cp850 */;
/*!50001 SET collation_connection      = cp850_general_ci */;
/*!50001 CREATE ALGORITHM=UNDEFINED */
/*!50013 DEFINER=`root`@`localhost` SQL SECURITY DEFINER */
/*!50001 VIEW `dave_tasks_3rdweek_ofmay` AS select `task`.`task` AS `task`,`task`.`notes` AS `notes`,`task`.`time_needed` AS `time_needed`,`task`.`assignedTo` AS `assignedTo`,`task`.`date_assigned` AS `date_assigned`,`task`.`completed` AS `completed`,`task`.`date_completed` AS `date_completed`,`task`.`time_used` AS `time_used` from `task` where ((`task`.`assignedTo` = 'Dave') and (`task`.`date_assigned` >= '2019/05/13') and (`task`.`date_assigned` <= '2019/05/19')) */;
/*!50001 SET character_set_client      = @saved_cs_client */;
/*!50001 SET character_set_results     = @saved_cs_results */;
/*!50001 SET collation_connection      = @saved_col_connection */;

--
-- Final view structure for view `dave_tasks_4thweek_ofmay`
--

/*!50001 DROP VIEW IF EXISTS `dave_tasks_4thweek_ofmay`*/;
/*!50001 SET @saved_cs_client          = @@character_set_client */;
/*!50001 SET @saved_cs_results         = @@character_set_results */;
/*!50001 SET @saved_col_connection     = @@collation_connection */;
/*!50001 SET character_set_client      = cp850 */;
/*!50001 SET character_set_results     = cp850 */;
/*!50001 SET collation_connection      = cp850_general_ci */;
/*!50001 CREATE ALGORITHM=UNDEFINED */
/*!50013 DEFINER=`root`@`localhost` SQL SECURITY DEFINER */
/*!50001 VIEW `dave_tasks_4thweek_ofmay` AS select `task`.`task` AS `task`,`task`.`notes` AS `notes`,`task`.`time_needed` AS `time_needed`,`task`.`assignedTo` AS `assignedTo`,`task`.`date_assigned` AS `date_assigned`,`task`.`completed` AS `completed`,`task`.`date_completed` AS `date_completed`,`task`.`time_used` AS `time_used` from `task` where ((`task`.`assignedTo` = 'Dave') and (`task`.`date_assigned` >= '2019/05/20') and (`task`.`date_assigned` <= '2019/05/26')) */;
/*!50001 SET character_set_client      = @saved_cs_client */;
/*!50001 SET character_set_results     = @saved_cs_results */;
/*!50001 SET collation_connection      = @saved_col_connection */;

--
-- Final view structure for view `dave_tasks_5thweek_ofmay`
--

/*!50001 DROP VIEW IF EXISTS `dave_tasks_5thweek_ofmay`*/;
/*!50001 SET @saved_cs_client          = @@character_set_client */;
/*!50001 SET @saved_cs_results         = @@character_set_results */;
/*!50001 SET @saved_col_connection     = @@collation_connection */;
/*!50001 SET character_set_client      = cp850 */;
/*!50001 SET character_set_results     = cp850 */;
/*!50001 SET collation_connection      = cp850_general_ci */;
/*!50001 CREATE ALGORITHM=UNDEFINED */
/*!50013 DEFINER=`root`@`localhost` SQL SECURITY DEFINER */
/*!50001 VIEW `dave_tasks_5thweek_ofmay` AS select `task`.`task` AS `task`,`task`.`notes` AS `notes`,`task`.`time_needed` AS `time_needed`,`task`.`assignedTo` AS `assignedTo`,`task`.`date_assigned` AS `date_assigned`,`task`.`completed` AS `completed`,`task`.`date_completed` AS `date_completed`,`task`.`time_used` AS `time_used` from `task` where ((`task`.`assignedTo` = 'Dave') and (`task`.`date_assigned` >= '2019/05/27') and (`task`.`date_assigned` <= '2019/05/31')) */;
/*!50001 SET character_set_client      = @saved_cs_client */;
/*!50001 SET character_set_results     = @saved_cs_results */;
/*!50001 SET collation_connection      = @saved_col_connection */;

--
-- Final view structure for view `luke_tasks`
--

/*!50001 DROP VIEW IF EXISTS `luke_tasks`*/;
/*!50001 SET @saved_cs_client          = @@character_set_client */;
/*!50001 SET @saved_cs_results         = @@character_set_results */;
/*!50001 SET @saved_col_connection     = @@collation_connection */;
/*!50001 SET character_set_client      = cp850 */;
/*!50001 SET character_set_results     = cp850 */;
/*!50001 SET collation_connection      = cp850_general_ci */;
/*!50001 CREATE ALGORITHM=UNDEFINED */
/*!50013 DEFINER=`root`@`localhost` SQL SECURITY DEFINER */
/*!50001 VIEW `luke_tasks` AS select `task`.`task` AS `task`,`task`.`notes` AS `notes`,`task`.`time_needed` AS `time_needed`,`task`.`assignedTo` AS `assignedTo`,`task`.`date_assigned` AS `date_assigned`,`task`.`completed` AS `completed`,`task`.`date_completed` AS `date_completed`,`task`.`time_used` AS `time_used` from `task` where (`task`.`assignedTo` = 'Luke') */;
/*!50001 SET character_set_client      = @saved_cs_client */;
/*!50001 SET character_set_results     = @saved_cs_results */;
/*!50001 SET collation_connection      = @saved_col_connection */;

--
-- Final view structure for view `luke_tasks_1stweek_ofmay`
--

/*!50001 DROP VIEW IF EXISTS `luke_tasks_1stweek_ofmay`*/;
/*!50001 SET @saved_cs_client          = @@character_set_client */;
/*!50001 SET @saved_cs_results         = @@character_set_results */;
/*!50001 SET @saved_col_connection     = @@collation_connection */;
/*!50001 SET character_set_client      = cp850 */;
/*!50001 SET character_set_results     = cp850 */;
/*!50001 SET collation_connection      = cp850_general_ci */;
/*!50001 CREATE ALGORITHM=UNDEFINED */
/*!50013 DEFINER=`root`@`localhost` SQL SECURITY DEFINER */
/*!50001 VIEW `luke_tasks_1stweek_ofmay` AS select `task`.`task` AS `task`,`task`.`notes` AS `notes`,`task`.`time_needed` AS `time_needed`,`task`.`assignedTo` AS `assignedTo`,`task`.`date_assigned` AS `date_assigned`,`task`.`completed` AS `completed`,`task`.`date_completed` AS `date_completed`,`task`.`time_used` AS `time_used` from `task` where ((`task`.`assignedTo` = 'Luke') and (`task`.`date_assigned` >= '2019/05/01') and (`task`.`date_assigned` <= '2019/05/06')) */;
/*!50001 SET character_set_client      = @saved_cs_client */;
/*!50001 SET character_set_results     = @saved_cs_results */;
/*!50001 SET collation_connection      = @saved_col_connection */;

--
-- Final view structure for view `luke_tasks_2ndweek_ofmay`
--

/*!50001 DROP VIEW IF EXISTS `luke_tasks_2ndweek_ofmay`*/;
/*!50001 SET @saved_cs_client          = @@character_set_client */;
/*!50001 SET @saved_cs_results         = @@character_set_results */;
/*!50001 SET @saved_col_connection     = @@collation_connection */;
/*!50001 SET character_set_client      = cp850 */;
/*!50001 SET character_set_results     = cp850 */;
/*!50001 SET collation_connection      = cp850_general_ci */;
/*!50001 CREATE ALGORITHM=UNDEFINED */
/*!50013 DEFINER=`root`@`localhost` SQL SECURITY DEFINER */
/*!50001 VIEW `luke_tasks_2ndweek_ofmay` AS select `task`.`task` AS `task`,`task`.`notes` AS `notes`,`task`.`time_needed` AS `time_needed`,`task`.`assignedTo` AS `assignedTo`,`task`.`date_assigned` AS `date_assigned`,`task`.`completed` AS `completed`,`task`.`date_completed` AS `date_completed`,`task`.`time_used` AS `time_used` from `task` where ((`task`.`assignedTo` = 'Luke') and (`task`.`date_assigned` >= '2019/05/06') and (`task`.`date_assigned` <= '2019/05/12')) */;
/*!50001 SET character_set_client      = @saved_cs_client */;
/*!50001 SET character_set_results     = @saved_cs_results */;
/*!50001 SET collation_connection      = @saved_col_connection */;

--
-- Final view structure for view `luke_tasks_3rdweek_ofmay`
--

/*!50001 DROP VIEW IF EXISTS `luke_tasks_3rdweek_ofmay`*/;
/*!50001 SET @saved_cs_client          = @@character_set_client */;
/*!50001 SET @saved_cs_results         = @@character_set_results */;
/*!50001 SET @saved_col_connection     = @@collation_connection */;
/*!50001 SET character_set_client      = cp850 */;
/*!50001 SET character_set_results     = cp850 */;
/*!50001 SET collation_connection      = cp850_general_ci */;
/*!50001 CREATE ALGORITHM=UNDEFINED */
/*!50013 DEFINER=`root`@`localhost` SQL SECURITY DEFINER */
/*!50001 VIEW `luke_tasks_3rdweek_ofmay` AS select `task`.`task` AS `task`,`task`.`notes` AS `notes`,`task`.`time_needed` AS `time_needed`,`task`.`assignedTo` AS `assignedTo`,`task`.`date_assigned` AS `date_assigned`,`task`.`completed` AS `completed`,`task`.`date_completed` AS `date_completed`,`task`.`time_used` AS `time_used` from `task` where ((`task`.`assignedTo` = 'Luke') and (`task`.`date_assigned` >= '2019/05/13') and (`task`.`date_assigned` <= '2019/05/19')) */;
/*!50001 SET character_set_client      = @saved_cs_client */;
/*!50001 SET character_set_results     = @saved_cs_results */;
/*!50001 SET collation_connection      = @saved_col_connection */;

--
-- Final view structure for view `luke_tasks_4thweek_ofmay`
--

/*!50001 DROP VIEW IF EXISTS `luke_tasks_4thweek_ofmay`*/;
/*!50001 SET @saved_cs_client          = @@character_set_client */;
/*!50001 SET @saved_cs_results         = @@character_set_results */;
/*!50001 SET @saved_col_connection     = @@collation_connection */;
/*!50001 SET character_set_client      = cp850 */;
/*!50001 SET character_set_results     = cp850 */;
/*!50001 SET collation_connection      = cp850_general_ci */;
/*!50001 CREATE ALGORITHM=UNDEFINED */
/*!50013 DEFINER=`root`@`localhost` SQL SECURITY DEFINER */
/*!50001 VIEW `luke_tasks_4thweek_ofmay` AS select `task`.`task` AS `task`,`task`.`notes` AS `notes`,`task`.`time_needed` AS `time_needed`,`task`.`assignedTo` AS `assignedTo`,`task`.`date_assigned` AS `date_assigned`,`task`.`completed` AS `completed`,`task`.`date_completed` AS `date_completed`,`task`.`time_used` AS `time_used` from `task` where ((`task`.`assignedTo` = 'Luke') and (`task`.`date_assigned` >= '2019/05/20') and (`task`.`date_assigned` <= '2019/05/26')) */;
/*!50001 SET character_set_client      = @saved_cs_client */;
/*!50001 SET character_set_results     = @saved_cs_results */;
/*!50001 SET collation_connection      = @saved_col_connection */;

--
-- Final view structure for view `luke_tasks_5thweek_ofmay`
--

/*!50001 DROP VIEW IF EXISTS `luke_tasks_5thweek_ofmay`*/;
/*!50001 SET @saved_cs_client          = @@character_set_client */;
/*!50001 SET @saved_cs_results         = @@character_set_results */;
/*!50001 SET @saved_col_connection     = @@collation_connection */;
/*!50001 SET character_set_client      = cp850 */;
/*!50001 SET character_set_results     = cp850 */;
/*!50001 SET collation_connection      = cp850_general_ci */;
/*!50001 CREATE ALGORITHM=UNDEFINED */
/*!50013 DEFINER=`root`@`localhost` SQL SECURITY DEFINER */
/*!50001 VIEW `luke_tasks_5thweek_ofmay` AS select `task`.`task` AS `task`,`task`.`notes` AS `notes`,`task`.`time_needed` AS `time_needed`,`task`.`assignedTo` AS `assignedTo`,`task`.`date_assigned` AS `date_assigned`,`task`.`completed` AS `completed`,`task`.`date_completed` AS `date_completed`,`task`.`time_used` AS `time_used` from `task` where ((`task`.`assignedTo` = 'Luke') and (`task`.`date_assigned` >= '2019/05/27') and (`task`.`date_assigned` <= '2019/05/31')) */;
/*!50001 SET character_set_client      = @saved_cs_client */;
/*!50001 SET character_set_results     = @saved_cs_results */;
/*!50001 SET collation_connection      = @saved_col_connection */;

--
-- Final view structure for view `mike_tasks`
--

/*!50001 DROP VIEW IF EXISTS `mike_tasks`*/;
/*!50001 SET @saved_cs_client          = @@character_set_client */;
/*!50001 SET @saved_cs_results         = @@character_set_results */;
/*!50001 SET @saved_col_connection     = @@collation_connection */;
/*!50001 SET character_set_client      = cp850 */;
/*!50001 SET character_set_results     = cp850 */;
/*!50001 SET collation_connection      = cp850_general_ci */;
/*!50001 CREATE ALGORITHM=UNDEFINED */
/*!50013 DEFINER=`root`@`localhost` SQL SECURITY DEFINER */
/*!50001 VIEW `mike_tasks` AS select `task`.`task` AS `task`,`task`.`notes` AS `notes`,`task`.`time_needed` AS `time_needed`,`task`.`assignedTo` AS `assignedTo`,`task`.`date_assigned` AS `date_assigned`,`task`.`completed` AS `completed`,`task`.`date_completed` AS `date_completed`,`task`.`time_used` AS `time_used` from `task` where (`task`.`assignedTo` = 'Mike') */;
/*!50001 SET character_set_client      = @saved_cs_client */;
/*!50001 SET character_set_results     = @saved_cs_results */;
/*!50001 SET collation_connection      = @saved_col_connection */;

--
-- Final view structure for view `mike_tasks_1stweek_ofmay`
--

/*!50001 DROP VIEW IF EXISTS `mike_tasks_1stweek_ofmay`*/;
/*!50001 SET @saved_cs_client          = @@character_set_client */;
/*!50001 SET @saved_cs_results         = @@character_set_results */;
/*!50001 SET @saved_col_connection     = @@collation_connection */;
/*!50001 SET character_set_client      = cp850 */;
/*!50001 SET character_set_results     = cp850 */;
/*!50001 SET collation_connection      = cp850_general_ci */;
/*!50001 CREATE ALGORITHM=UNDEFINED */
/*!50013 DEFINER=`root`@`localhost` SQL SECURITY DEFINER */
/*!50001 VIEW `mike_tasks_1stweek_ofmay` AS select `task`.`task` AS `task`,`task`.`notes` AS `notes`,`task`.`time_needed` AS `time_needed`,`task`.`assignedTo` AS `assignedTo`,`task`.`date_assigned` AS `date_assigned`,`task`.`completed` AS `completed`,`task`.`date_completed` AS `date_completed`,`task`.`time_used` AS `time_used` from `task` where ((`task`.`assignedTo` = 'Mike') and (`task`.`date_assigned` >= '2019/05/01') and (`task`.`date_assigned` <= '2019/05/06')) */;
/*!50001 SET character_set_client      = @saved_cs_client */;
/*!50001 SET character_set_results     = @saved_cs_results */;
/*!50001 SET collation_connection      = @saved_col_connection */;

--
-- Final view structure for view `mike_tasks_2ndweek_ofmay`
--

/*!50001 DROP VIEW IF EXISTS `mike_tasks_2ndweek_ofmay`*/;
/*!50001 SET @saved_cs_client          = @@character_set_client */;
/*!50001 SET @saved_cs_results         = @@character_set_results */;
/*!50001 SET @saved_col_connection     = @@collation_connection */;
/*!50001 SET character_set_client      = cp850 */;
/*!50001 SET character_set_results     = cp850 */;
/*!50001 SET collation_connection      = cp850_general_ci */;
/*!50001 CREATE ALGORITHM=UNDEFINED */
/*!50013 DEFINER=`root`@`localhost` SQL SECURITY DEFINER */
/*!50001 VIEW `mike_tasks_2ndweek_ofmay` AS select `task`.`task` AS `task`,`task`.`notes` AS `notes`,`task`.`time_needed` AS `time_needed`,`task`.`assignedTo` AS `assignedTo`,`task`.`date_assigned` AS `date_assigned`,`task`.`completed` AS `completed`,`task`.`date_completed` AS `date_completed`,`task`.`time_used` AS `time_used` from `task` where ((`task`.`assignedTo` = 'Mike') and (`task`.`date_assigned` >= '2019/05/06') and (`task`.`date_assigned` <= '2019/05/12')) */;
/*!50001 SET character_set_client      = @saved_cs_client */;
/*!50001 SET character_set_results     = @saved_cs_results */;
/*!50001 SET collation_connection      = @saved_col_connection */;

--
-- Final view structure for view `mike_tasks_3rdweek_ofmay`
--

/*!50001 DROP VIEW IF EXISTS `mike_tasks_3rdweek_ofmay`*/;
/*!50001 SET @saved_cs_client          = @@character_set_client */;
/*!50001 SET @saved_cs_results         = @@character_set_results */;
/*!50001 SET @saved_col_connection     = @@collation_connection */;
/*!50001 SET character_set_client      = cp850 */;
/*!50001 SET character_set_results     = cp850 */;
/*!50001 SET collation_connection      = cp850_general_ci */;
/*!50001 CREATE ALGORITHM=UNDEFINED */
/*!50013 DEFINER=`root`@`localhost` SQL SECURITY DEFINER */
/*!50001 VIEW `mike_tasks_3rdweek_ofmay` AS select `task`.`task` AS `task`,`task`.`notes` AS `notes`,`task`.`time_needed` AS `time_needed`,`task`.`assignedTo` AS `assignedTo`,`task`.`date_assigned` AS `date_assigned`,`task`.`completed` AS `completed`,`task`.`date_completed` AS `date_completed`,`task`.`time_used` AS `time_used` from `task` where ((`task`.`assignedTo` = 'Mike') and (`task`.`date_assigned` >= '2019/05/13') and (`task`.`date_assigned` <= '2019/05/19')) */;
/*!50001 SET character_set_client      = @saved_cs_client */;
/*!50001 SET character_set_results     = @saved_cs_results */;
/*!50001 SET collation_connection      = @saved_col_connection */;

--
-- Final view structure for view `mike_tasks_4thweek_ofmay`
--

/*!50001 DROP VIEW IF EXISTS `mike_tasks_4thweek_ofmay`*/;
/*!50001 SET @saved_cs_client          = @@character_set_client */;
/*!50001 SET @saved_cs_results         = @@character_set_results */;
/*!50001 SET @saved_col_connection     = @@collation_connection */;
/*!50001 SET character_set_client      = cp850 */;
/*!50001 SET character_set_results     = cp850 */;
/*!50001 SET collation_connection      = cp850_general_ci */;
/*!50001 CREATE ALGORITHM=UNDEFINED */
/*!50013 DEFINER=`root`@`localhost` SQL SECURITY DEFINER */
/*!50001 VIEW `mike_tasks_4thweek_ofmay` AS select `task`.`task` AS `task`,`task`.`notes` AS `notes`,`task`.`time_needed` AS `time_needed`,`task`.`assignedTo` AS `assignedTo`,`task`.`date_assigned` AS `date_assigned`,`task`.`completed` AS `completed`,`task`.`date_completed` AS `date_completed`,`task`.`time_used` AS `time_used` from `task` where ((`task`.`assignedTo` = 'Mike') and (`task`.`date_assigned` >= '2019/05/20') and (`task`.`date_assigned` <= '2019/05/26')) */;
/*!50001 SET character_set_client      = @saved_cs_client */;
/*!50001 SET character_set_results     = @saved_cs_results */;
/*!50001 SET collation_connection      = @saved_col_connection */;

--
-- Final view structure for view `mike_tasks_5thweek_ofmay`
--

/*!50001 DROP VIEW IF EXISTS `mike_tasks_5thweek_ofmay`*/;
/*!50001 SET @saved_cs_client          = @@character_set_client */;
/*!50001 SET @saved_cs_results         = @@character_set_results */;
/*!50001 SET @saved_col_connection     = @@collation_connection */;
/*!50001 SET character_set_client      = cp850 */;
/*!50001 SET character_set_results     = cp850 */;
/*!50001 SET collation_connection      = cp850_general_ci */;
/*!50001 CREATE ALGORITHM=UNDEFINED */
/*!50013 DEFINER=`root`@`localhost` SQL SECURITY DEFINER */
/*!50001 VIEW `mike_tasks_5thweek_ofmay` AS select `task`.`task` AS `task`,`task`.`notes` AS `notes`,`task`.`time_needed` AS `time_needed`,`task`.`assignedTo` AS `assignedTo`,`task`.`date_assigned` AS `date_assigned`,`task`.`completed` AS `completed`,`task`.`date_completed` AS `date_completed`,`task`.`time_used` AS `time_used` from `task` where ((`task`.`assignedTo` = 'Mike') and (`task`.`date_assigned` >= '2019/05/27') and (`task`.`date_assigned` <= '2019/05/31')) */;
/*!50001 SET character_set_client      = @saved_cs_client */;
/*!50001 SET character_set_results     = @saved_cs_results */;
/*!50001 SET collation_connection      = @saved_col_connection */;

--
-- Final view structure for view `monthly_hours_anita`
--

/*!50001 DROP VIEW IF EXISTS `monthly_hours_anita`*/;
/*!50001 SET @saved_cs_client          = @@character_set_client */;
/*!50001 SET @saved_cs_results         = @@character_set_results */;
/*!50001 SET @saved_col_connection     = @@collation_connection */;
/*!50001 SET character_set_client      = cp850 */;
/*!50001 SET character_set_results     = cp850 */;
/*!50001 SET collation_connection      = cp850_general_ci */;
/*!50001 CREATE ALGORITHM=UNDEFINED */
/*!50013 DEFINER=`root`@`localhost` SQL SECURITY DEFINER */
/*!50001 VIEW `monthly_hours_anita` AS select sum(`task`.`time_needed`) AS `Total Hours` from `task` where (`task`.`assignedTo` = 'Anita') */;
/*!50001 SET character_set_client      = @saved_cs_client */;
/*!50001 SET character_set_results     = @saved_cs_results */;
/*!50001 SET collation_connection      = @saved_col_connection */;

--
-- Final view structure for view `monthly_hours_dave`
--

/*!50001 DROP VIEW IF EXISTS `monthly_hours_dave`*/;
/*!50001 SET @saved_cs_client          = @@character_set_client */;
/*!50001 SET @saved_cs_results         = @@character_set_results */;
/*!50001 SET @saved_col_connection     = @@collation_connection */;
/*!50001 SET character_set_client      = cp850 */;
/*!50001 SET character_set_results     = cp850 */;
/*!50001 SET collation_connection      = cp850_general_ci */;
/*!50001 CREATE ALGORITHM=UNDEFINED */
/*!50013 DEFINER=`root`@`localhost` SQL SECURITY DEFINER */
/*!50001 VIEW `monthly_hours_dave` AS select sum(`task`.`time_needed`) AS `Total Hours` from `task` where (`task`.`assignedTo` = 'Dave') */;
/*!50001 SET character_set_client      = @saved_cs_client */;
/*!50001 SET character_set_results     = @saved_cs_results */;
/*!50001 SET collation_connection      = @saved_col_connection */;

--
-- Final view structure for view `monthly_hours_luke`
--

/*!50001 DROP VIEW IF EXISTS `monthly_hours_luke`*/;
/*!50001 SET @saved_cs_client          = @@character_set_client */;
/*!50001 SET @saved_cs_results         = @@character_set_results */;
/*!50001 SET @saved_col_connection     = @@collation_connection */;
/*!50001 SET character_set_client      = cp850 */;
/*!50001 SET character_set_results     = cp850 */;
/*!50001 SET collation_connection      = cp850_general_ci */;
/*!50001 CREATE ALGORITHM=UNDEFINED */
/*!50013 DEFINER=`root`@`localhost` SQL SECURITY DEFINER */
/*!50001 VIEW `monthly_hours_luke` AS select sum(`task`.`time_needed`) AS `Total Hours` from `task` where (`task`.`assignedTo` = 'Luke') */;
/*!50001 SET character_set_client      = @saved_cs_client */;
/*!50001 SET character_set_results     = @saved_cs_results */;
/*!50001 SET collation_connection      = @saved_col_connection */;

--
-- Final view structure for view `monthly_hours_mike`
--

/*!50001 DROP VIEW IF EXISTS `monthly_hours_mike`*/;
/*!50001 SET @saved_cs_client          = @@character_set_client */;
/*!50001 SET @saved_cs_results         = @@character_set_results */;
/*!50001 SET @saved_col_connection     = @@collation_connection */;
/*!50001 SET character_set_client      = cp850 */;
/*!50001 SET character_set_results     = cp850 */;
/*!50001 SET collation_connection      = cp850_general_ci */;
/*!50001 CREATE ALGORITHM=UNDEFINED */
/*!50013 DEFINER=`root`@`localhost` SQL SECURITY DEFINER */
/*!50001 VIEW `monthly_hours_mike` AS select sum(`task`.`time_needed`) AS `Total Hours` from `task` where (`task`.`assignedTo` = 'Mike') */;
/*!50001 SET character_set_client      = @saved_cs_client */;
/*!50001 SET character_set_results     = @saved_cs_results */;
/*!50001 SET collation_connection      = @saved_col_connection */;

--
-- Final view structure for view `overduetask`
--

/*!50001 DROP VIEW IF EXISTS `overduetask`*/;
/*!50001 SET @saved_cs_client          = @@character_set_client */;
/*!50001 SET @saved_cs_results         = @@character_set_results */;
/*!50001 SET @saved_col_connection     = @@collation_connection */;
/*!50001 SET character_set_client      = cp850 */;
/*!50001 SET character_set_results     = cp850 */;
/*!50001 SET collation_connection      = cp850_general_ci */;
/*!50001 CREATE ALGORITHM=UNDEFINED */
/*!50013 DEFINER=`root`@`localhost` SQL SECURITY DEFINER */
/*!50001 VIEW `overduetask` AS select `task`.`task_id` AS `task_id`,`task`.`task` AS `task`,`task`.`notes` AS `notes`,`task`.`time_needed` AS `time_needed`,`task`.`assignedTo` AS `assignedTo`,`task`.`date_assigned` AS `date_assigned`,`task`.`completed` AS `completed`,`task`.`date_completed` AS `date_completed`,`task`.`time_used` AS `time_used`,`task`.`Over_due` AS `over_due` from `task` where (`task`.`Over_due` = 'yes') */;
/*!50001 SET character_set_client      = @saved_cs_client */;
/*!50001 SET character_set_results     = @saved_cs_results */;
/*!50001 SET collation_connection      = @saved_col_connection */;

--
-- Final view structure for view `unassigned_tasks`
--

/*!50001 DROP VIEW IF EXISTS `unassigned_tasks`*/;
/*!50001 SET @saved_cs_client          = @@character_set_client */;
/*!50001 SET @saved_cs_results         = @@character_set_results */;
/*!50001 SET @saved_col_connection     = @@collation_connection */;
/*!50001 SET character_set_client      = cp850 */;
/*!50001 SET character_set_results     = cp850 */;
/*!50001 SET collation_connection      = cp850_general_ci */;
/*!50001 CREATE ALGORITHM=UNDEFINED */
/*!50013 DEFINER=`root`@`localhost` SQL SECURITY DEFINER */
/*!50001 VIEW `unassigned_tasks` AS select `task`.`task_id` AS `task_id`,`task`.`task` AS `task`,`task`.`notes` AS `notes`,`task`.`time_needed` AS `time_needed`,`task`.`assignedTo` AS `assignedTo`,`task`.`date_assigned` AS `date_assigned`,`task`.`completed` AS `completed`,`task`.`date_completed` AS `date_completed`,`task`.`time_used` AS `time_used` from `task` where ((`task`.`assignedTo` = 'Not Assigned') or isnull(`task`.`assignedTo`)) */;
/*!50001 SET character_set_client      = @saved_cs_client */;
/*!50001 SET character_set_results     = @saved_cs_results */;
/*!50001 SET collation_connection      = @saved_col_connection */;
/*!40103 SET TIME_ZONE=@OLD_TIME_ZONE */;

/*!40101 SET SQL_MODE=@OLD_SQL_MODE */;
/*!40014 SET FOREIGN_KEY_CHECKS=@OLD_FOREIGN_KEY_CHECKS */;
/*!40014 SET UNIQUE_CHECKS=@OLD_UNIQUE_CHECKS */;
/*!40101 SET CHARACTER_SET_CLIENT=@OLD_CHARACTER_SET_CLIENT */;
/*!40101 SET CHARACTER_SET_RESULTS=@OLD_CHARACTER_SET_RESULTS */;
/*!40101 SET COLLATION_CONNECTION=@OLD_COLLATION_CONNECTION */;
/*!40111 SET SQL_NOTES=@OLD_SQL_NOTES */;

-- Dump completed on 2019-05-15  0:19:57
